Workbook
Name _\D: #REF!
Name _\D: #REF!
Name _\X: #REF!
Name _\X: #REF!
Name _01: #REF!
Name _01: #REF!
Name _02: #REF!
Name _02: #REF!
Name _03: #REF!
Name _03: #REF!
Name _1: #REF!
Name _1: #REF!
Name _10: #N/A
Name _11: #N/A
Name _12: #N/A
Name _13: #N/A
Name _14: #N/A
Name _15: #N/A
Name _16: #N/A
Name _17: #N/A
Name _18: #N/A
Name _19: #N/A
Name _1공장: #REF!
Name _1공장: #REF!
Name _2: #N/A
Name _20: #N/A
Name _21: #N/A
Name _22: #N/A
Name _23: #N/A
Name _24: #N/A
Name _25: #N/A
Name _26: #N/A
Name _27: #N/A
Name _28: #N/A
Name _29: #N/A
Name _2공장: #REF!
Name _2공장: #REF!
Name _3: #REF!
Name _3: #REF!
Name _30: #N/A
Name _31: #N/A
Name _32: #N/A
Name _33: #N/A
Name _34: #N/A
Name _35: #N/A
Name _36: #N/A
Name _37: #N/A
Name _38: #N/A
Name _39: #N/A
Name _3공장: #REF!
Name _3공장: #REF!
Name _4: #REF!
Name _4: #REF!
Name _４._설___비____공___사: #REF!
Name _４._설___비____공___사: #REF!
Name _4_6_7: "a=evaluate(사진대지!B24)"
Name _40: #N/A
Name _41: #N/A
Name _42: #N/A
Name _43: #N/A

Sheet 갑 지
B2: TO.
A4: 見 積 書
A9: 工 事 名 :
A10: 工 事 名 :
A21: TO.
A23: 공 사 명/PROJECT :신당동 하이츠아파트 106동1303호 인테리어 공사
A25: 날 짜 / DATE : 2022 년 09월 2일.
A26: ="금 액/AMOUNT : 일금"&NUMBERSTRING(H51,1)&"원정(\"&TEXT(H51,"#,##)") -> 금 액/AMOUNT : 일금팔천칠백만원정(\87,000,000) | G26: (V.A.T 별도)
A27: 납품 또는 시공완료예정일/ESTIMATED DATE OF COMPLETION
A28: 착수보증금/DEPOSIT | G28: 회사명 :
A29: 납품 또는 시공장소/DESTINATION AND/OR CONSTRUCTION SITE | G29: 주 소 :
A30: 고객이름 및 서명/CLIENT'S NAME & SIGNATURE | G30: TEL/FAX:
G31: 대표자 : (인)
A32: 下記와 같이 견적합니다.
A35: NO | B35: 명 칭 | C35: 규 격 | D35: 단위 | E35: 수량 | F35: 재 료 비 | G35: 노 무 비 | H35: 총 액 | I35: 비 고
B36: 직접공사비
A37: Ⅰ | B37: 인테리어공사 | D37: 식 | E37: 1 | F37: =+내역!H20 -> 58104066 | G37: =+내역!J20 -> 16286235 | H37: =+내역!L20 -> 79139780
B39: 소계(A) | F39: =F37 -> 58104066 | G39: =G37 -> 16286235 | H39: =H37 -> 79139780
B41: 간접공사비
A42: Ⅱ | B42: A. 근재보험(노무비의 1.8%) | D42: 식 | E42: 1 | F42: =SUM(F40:F41) -> 0 | G42: 0 | H42: =+내역!L22 -> 0
A43: Ⅲ | B43: B. 기타경비(재료비+노무비의 3%) | D43: 식 | E43: 1 | F43: =SUM(F41:F42) -> 0 | G43: 0 | H43: =+내역!L23 -> 0
A44: Ⅳ | B44: C. 일반관리비(재료비+노무비의 2%) | D44: 식 | E44: 1 | F44: =SUM(F42:F43) -> 0 | G44: 0 | H44: =+내역!L24 -> 0
A45: Ⅴ | B45: D. 기업이윤(총액의 10%) | D45: 식 | E45: 1 | F45: =SUM(F43:F44) -> 0 | G45: 0 | H45: =+내역!L25 -> 7913978.1
B48: 소계(B) | F48: =F42+F43+F44+F45+F46 -> 0 | G48: =G42+G43+G44+G45+G46 -> 0 | H48: =SUM(H42:H47) -> 7913978.1
B50: 합계 | F50: =F39+F48 -> 58104066 | G50: =G39+G48 -> 16286235 | H50: =H39+H48 -> 87053759
G51: (단수정리) | H51: =TRUNC(H50,-5) -> 87000000
J55: 고객명 | M55: 연락처 | P55: 현장주소 | W55: 계약일
J57: 견적가 | K57: 일금 | L57: =NUMBERSTRING($U$37,1) -> 영 | P57: 원정 | Q57: ( \ | R57: =H50 -> 87053759 | T57: 원 ) | W57: 담당자

Sheet 내역
A1: 번호 | B1: 명칭 | C1: 규격 | D1: 스팩 | E1: 수량 | F1: 단위 | G1: 재료비 | I1: 노무비 | K1: 총액 | M1: 비고
A2: NO | B2: DESCRIPTION | C2: SIZE | D2: Spec. | E2: Q'TY | F2: UNIT | G2: 단가 | H2: 금액 | I2: 단가 | J2: 금액 | K2: 단가 | L2: 금액 | M2: REMARK
A3: ** | B3: 공 사 명:
A4: 1 | B4: 가설 공사 | E4: =1 -> 1 | F4: 식 | H4: =H39 -> 903975 | J4: =J39 -> 849540 | L4: =L39 -> 1753515
A5: 2 | B5: 철거,설비 공사 | E5: =1 -> 1 | F5: 식 | H5: =H56 -> 4046735 | J5: =J56 -> 2041130 | L5: =L56 -> 6087865
A6: 3 | B6: 목공 공사 | E6: =1 -> 1 | F6: 식 | H6: =H82 -> 5606000 | J6: =J82 -> 2800000 | L6: =L82 -> 8406000
A7: 4 | B7: 전기 공사 | E7: =1 -> 1 | F7: 식 | H7: =H112 -> 3250009 | J7: =J112 -> 1450000 | L7: =L112 -> 4700009
A8: 5 | B8: 도배 공사 | E8: =1 -> 1 | F8: 식 | H8: =H121 -> 1308611.5 | J8: =J121 -> 2250000 | L8: =L121 -> 3558611.5
A9: 6 | B9: 타일 공사 | E9: =1 -> 1 | F9: 식 | H9: =H135 -> 2656000 | J9: =J135 -> 2800000 | L9: =L135 -> 5456000
A10: 7 | B10: 욕실 공사 | E10: =1 -> 1 | F10: 식 | H10: =H164 -> 3851600 | J10: =J164 -> 500000 | L10: =L164 -> 4351600
A11: 8 | B11: 가구 공사 | E11: =1 -> 1 | F11: 식 | H11: =H169 -> 23220000 | J11: =J169 -> 1550000 | L11: =L169 -> 24770000
A12: 9 | B12: 샤시 공사 | E12: =1 -> 1 | F12: 식 | H12: =H189 -> 12977955 | J12: =J189 -> 1550000 | L12: =L189 -> 12977955
A13: 10 | B13: 도장 공사 | E13: =1 -> 1 | F13: 식 | H13: =H196 -> 283180 | J13: =J196 -> 495565 | L13: =L196 -> 778745
A14: 11 | B14: 마루 공사 | E14: =1 -> 1 | F14: 식 | H14: =H202 -> 3601280 | J14: =J199 -> 1059200 | L14: =L202 -> 4660480
A15: 12 | B15: 기타 공사 | E15: =1 -> 1 | F15: 식 | H15: =H214 -> 1376500 | J15: =J214 -> 262500 | L15: =L214 -> 1639000
B20: 직접공사비계 | H20: =SUM(H4:H13) -> 58104066 | J20: =SUM(J4:J13) -> 16286235 | L20: =SUM(L4:L15) -> 79139780
B22: A. 근재보험(노무비의 1.8%) | E22: =1 -> 1 | F22: 식 | H22: 0
B23: B. 기타경비(재료비+노무비의 3%) | E23: =1 -> 1 | F23: 식 | H23: 0
B24: C. 일반관리비(재료비+노무비의 2%) | E24: =1 -> 1 | F24: 식 | H24: 0
B25: D. 기업이윤(총액의 10%) | E25: =1 -> 1 | F25: 식 | H25: 0 | L25: =L20*10% -> 7913978.1
B26: 간접접공사비계 | H26: =SUM(E26:G26) -> 0 | J26: =SUM(G26:I26) -> 0 | L26: =SUM(L21:L25) -> 7913978.1
B27: 합계 | H27: =H20+H26 -> 58104066 | J27: =J20+J26 -> 16286235 | L27: =L20+L26 -> 87053759
K28: (단수정리) | L28: =TRUNC(L27,-5) -> 87000000
B29: **견적기준
B30: 1.관리소 예치금,견적외 제외
B31: 2.VAT별도.
A32: =A4 -> 1 | B32: =B4 -> 가설 공사 | N32: 실행
B33: 공사신고 및 동의서 | C33: 확장신고 대행 및 도면작성 | E33: 1 | F33: 식 | G33: 550000 | H33: =E33*G33 -> 550000 | J33: =E33*I33 -> 0 | K33: =G33+I33 -> 550000 | L33: =H33+J33 -> 550000
B34: 현장정리 | C34: ELV보양 포함 | D34: 기본 | E34: 141.59 | F34: M2 | G34: 1500 | H34: =E34*G34 -> 212385 | J34: =E34*I34 -> 0 | K34: =G34+I34 -> 1500 | L34: =H34+J34 -> 212385
B35: 준공청소 | E35: 141.59 | F35: M2 | G35: 1000 | H35: =E35*G35 -> 141590 | I35: 3000 | J35: =E35*I35 -> 424770 | K35: =G35+I35 -> 4000 | L35: =H35+J35 -> 566360
B36: 자재소운반 | E36: 141.59 | F36: M2 | H36: =E36*G36 -> 0 | I36: 1000 | J36: =E36*I36 -> 141590 | K36: =G36+I36 -> 1000 | L36: =H36+J36 -> 141590
B37: 자재대운반 | E37: 141.59 | F37: M2 | H37: =E37*G37 -> 0 | I37: 2000 | J37: =E37*I37 -> 283180 | K37: =G37+I37 -> 2000 | L37: =H37+J37 -> 283180
K38: =G38+I38 -> 0 | L38: =H38+J38 -> 0
B39: 소계 | H39: =SUM(H33:H38) -> 903975 | J39: =SUM(J33:J38) -> 849540 | L39: =SUM(L33:L38) -> 1753515
A41: =A5 -> 2 | B41: =B5 -> 철거,설비 공사
B42: 내부지정철거 | C42: 기본철거 | E42: 141.59 | F42: M2 | G42: 2500 | H42: =E42*G42 -> 353975 | I42: 7000 | J42: =E42*I42 -> 991130 | K42: =G42+I42 -> 9500 | L42: =H42+J42 -> 1345105
B43: 거실 확장 철거 | C43: 확장부위 전체 | E43: 1 | F43: 식 | G43: 150000 | H43: =E43*G43 -> 150000 | I43: 150000 | J43: =E43*I43 -> 150000 | K43: =G43+I43 -> 300000 | L43: =H43+J43 -> 300000
B44: 건너방 확장 철거 | C44: 확장부위 전체 | E44: 1 | F44: 식 | G44: 100000 | H44: =E44*G44 -> 100000 | I44: 150000 | J44: =E44*I44 -> 150000 | K44: =G44+I44 -> 250000 | L44: =H44+J44 -> 250000
B45: 화장실 철거 | C45: 기본철거 | E45: 2 | F45: 개소 | G45: 100000 | H45: =E45*G45 -> 200000 | I45: 150000 | J45: =E45*I45 -> 300000 | K45: =G45+I45 -> 250000 | L45: =H45+J45 -> 500000
B46: 바닥철거 | C46: 전체 철거 | E46: 105.92 | F46: M2 | G46: 3000 | H46: =E46*G46 -> 317760 | J46: =E46*I46 -> 0 | K46: =G46+I46 -> 3000 | L46: =H46+J46 -> 317760
B47: 화장실 방수 | C47: 1차 몰탈, 2차 고마스 | E47: 2 | F47: 개소 | G47: 100000 | H47: =E47*G47 -> 200000 | I47: 150000 | J47: =E47*I47 -> 300000 | K47: =G47+I47 -> 250000 | L47: =H47+J47 -> 500000
B48: 다용도실 방수 | C48: 1차 몰탈, 2차 고마스 | E48: 1 | F48: 개소 | G48: 100000 | H48: =E48*G48 -> 100000 | I48: 150000 | J48: =E48*I48 -> 150000 | K48: =G48+I48 -> 250000 | L48: =H48+J48 -> 250000
B49: 확장 난방공사 | C49: 확장부위 난방신설 | D49: 엑셀 | E49: 9 | F49: M2 | G49: 120000 | H49: =E49*G49 -> 1080000 | J49: =E49*I49 -> 0 | K49: =G49+I49 -> 120000 | L49: =H49+J49 -> 1080000
B50: 미장공사 | E50: 9 | F50: M2 | G50: 45000 | H50: =E50*G50 -> 405000 | J50: =E50*I50 -> 0 | K50: =G50+I50 -> 45000 | L50: =H50+J50 -> 405000
B51: 분배기 교체 | F51: 개소 | G51: 250000 | H51: =E51*G51 -> 0 | J51: =E51*I51 -> 0 | K51: =G51+I51 -> 250000 | L51: =H51+J51 -> 0 | M51: 선택
B52: 폐기물 | C52: 1톤 | E52: 3 | F52: 차 | G52: 380000 | H52: =E52*G52 -> 1140000 | J52: =E52*I52 -> 0 | K52: =G52+I52 -> 380000 | L52: =H52+J52 -> 1140000
B53: *난방공사 부분은 분배기와 배관의 상태에 따라 변동가능
B54: *온도조절기 부분은 별도 협의(현장 상태에 따른 협의)
B56: 소계 | H56: =SUM(H42:H55) -> 4046735 | J56: =SUM(J42:J55) -> 2041130 | L56: =SUM(L42:L55) -> 6087865
A58: =A6 -> 3 | B58: =B6 -> 목공 공사
B59: 석고보드 | C59: 3*6 | E59: 50 | F59: EA | G59: 4000 | H59: =E59*G59 -> 200000 | J59: =E59*I59 -> 0 | K59: =G59+I59 -> 4000 | L59: =H59+J59 -> 200000
B60: 방수석고보드 | C60: 3*6 | E60: 30 | F60: EA | G60: 6000 | H60: =E60*G60 -> 180000 | J60: =E60*I60 -> 0 | K60: =G60+I60 -> 6000 | L60: =H60+J60 -> 180000
B61: 각재 | C61: 1*1*12 | E61: 24 | F61: 단 | G61: 32500 | H61: =E61*G61 -> 780000 | J61: =E61*I61 -> 0 | K61: =G61+I61 -> 32500 | L61: =H61+J61 -> 780000
B62: 합판 | C62: 4*8 9.5T | E62: 6 | F62: EA | G62: 33000 | H62: =E62*G62 -> 198000 | J62: =E62*I62 -> 0 | K62: =G62+I62 -> 33000 | L62: =H62+J62 -> 198000
C63: 4*8 12T | E63: 1 | F63: EA | G63: 39500 | H63: =E63*G63 -> 39500 | J63: =E63*I63 -> 0 | K63: =G63+I63 -> 39500 | L63: =H63+J63 -> 39500
B64: MDF | C64: 4*8 9.5T | E64: 14 | F64: EA | G64: 19500 | H64: =E64*G64 -> 273000 | J64: =E64*I64 -> 0 | K64: =G64+I64 -> 19500 | L64: =H64+J64 -> 273000
C65: 4*8 12T | E65: 2 | F65: EA | G65: 26500 | H65: =E65*G65 -> 53000 | J65: =E65*I65 -> 0 | K65: =G65+I65 -> 26500 | L65: =H65+J65 -> 53000
C66: 4*8 18T | E66: 4 | F66: EA | G66: 34500 | H66: =E66*G66 -> 138000 | J66: =E66*I66 -> 0 | K66: =G66+I66 -> 34500 | L66: =H66+J66 -> 138000
B67: ISO PINK | C67: 2*3 30T | E67: 6 | F67: EA | G67: 7000 | H67: =E67*G67 -> 42000 | J67: =E67*I67 -> 0 | K67: =G67+I67 -> 7000 | L67: =H67+J67 -> 42000
B68: 온돌이 | C68: 난방 단열용 | E68: 2 | F68: 롤 | G68: 160000 | H68: =E68*G68 -> 320000 | J68: =E68*I68 -> 0 | K68: =G68+I68 -> 160000 | L68: =H68+J68 -> 320000
B70: 천정몰딩 | D70: 한샘 | E70: 55 | F70: EA | G70: 3500 | H70: =E70*G70 -> 192500 | J70: =E70*I70 -> 0 | K70: =G70+I70 -> 3500 | L70: =H70+J70 -> 192500
B71: 문선몰딩 | D71: 한샘 | E71: 30 | F71: EA | G71: 3500 | H71: =E71*G71 -> 105000 | J71: =E71*I71 -> 0 | K71: =G71+I71 -> 3500 | L71: =H71+J71 -> 105000 | M71: 선택
B72: 걸레받이 | D72: 한샘 | E72: 40 | F72: EA | H72: =E72*G72 -> 0 | J72: =E72*I72 -> 0 | K72: =G72+I72 -> 0 | L72: =H72+J72 -> 0 | M72: 협의 | N72: 얼만지 모름
B73: 액자레일 | F73: EA | G73: 15000 | H73: =E73*G73 -> 0 | J73: =E73*I73 -> 0 | K73: =G73+I73 -> 15000 | L73: =H73+J73 -> 0 | M73: 협의
B74: 현관중문 | D74: 한샘 | E74: 1 | F74: SET | H74: =E74*G74 -> 0 | J74: =E74*I74 -> 0 | K74: =G74+I74 -> 0 | L74: =H74+J74 -> 0 | M74: 선택 | N74: 이창선
B75: ABS 도어 | D75: 한샘 | E75: 8 | F75: SET | G75: 260000 | H75: =E75*G75 -> 2080000 | J75: =E75*I75 -> 0 | K75: =G75+I75 -> 260000 | L75: =H75+J75 -> 2080000 | M75: 선택
B76: 월플러스 | D76: 한샘 | E76: 15 | F76: M2 | H76: =E76*G76 -> 0 | J76: =E76*I76 -> 0 | K76: =G76+I76 -> 0 | L76: =H76+J76 -> 0 | M76: 선택
B77: 실린더 및 경첩 | D77: 한샘 | E77: 7 | F77: SET | G77: 25000 | H77: =E77*G77 -> 175000 | J77: =E77*I77 -> 0 | K77: =G77+I77 -> 25000 | L77: =H77+J77 -> 175000 | M77: 선택
B78: 부자재 | C78: 타카,본드,실리콘,폼 외 | E78: 1 | F78: 식 | G78: 350000 | H78: =E78*G78 -> 350000 | J78: =E78*I78 -> 0 | K78: =G78+I78 -> 350000 | L78: =H78+J78 -> 350000
B79: 목공노임 | E79: 10 | F79: 인 | H79: =E79*G79 -> 0 | I79: 280000 | J79: =E79*I79 -> 2800000 | K79: =G79+I79 -> 280000 | L79: =H79+J79 -> 2800000
B80: 장비대 | E80: 4 | F80: 대 | G80: 120000 | H80: =E80*G80 -> 480000 | J80: =E80*I80 -> 0 | K80: =G80+I80 -> 120000 | L80: =H80+J80 -> 480000
B82: 소계 | H82: =SUM(H59:H80) -> 5606000 | J82: =SUM(J59:J80) -> 2800000 | L82: =SUM(L59:L81) -> 8406000
A84: =A7 -> 4 | B84: =B7 -> 전기 공사
B85: 방등 | C85: LED 엣지등 | E85: 3 | F85: EA | G85: 85000 | H85: =E85*G85 -> 255000 | J85: =E85*I85 -> 0 | K85: =G85+I85 -> 85000 | L85: =H85+J85 -> 255000 | M85: 선택
B86: 거실등 | C86: LED 엣지등 | E86: 3 | F86: SET | G86: 120000 | H86: =E86*G86 -> 360000 | J86: =E86*I86 -> 0 | K86: =G86+I86 -> 120000 | L86: =H86+J86 -> 360000 | M86: 선택
B87: 주방등 | C87: LED 엣지등 | E87: 1 | F87: EA | G87: 120000 | H87: =E87*G87 -> 120000 | J87: =E87*I87 -> 0 | K87: =G87+I87 -> 120000 | L87: =H87+J87 -> 120000 | M87: 선택
B88: 드레스룸등 | C88: LED 엣지등 | E88: 1 | F88: EA | G88: 85000 | H88: =E88*G88 -> 85000 | J88: =E88*I88 -> 0 | K88: =G88+I88 -> 85000 | L88: =H88+J88 -> 85000 | M88: 선택
B89: 전실센서등 | C89: LED 직부등 | E89: 1 | F89: EA | H89: =E89*G89 -> 0 | J89: =E89*I89 -> 0 | K89: =G89+I89 -> 0 | L89: =H89+J89 -> 0 | M89: 선택
B90: 현관센서등(히든센서) | C90: LED 직부등+히든센서 | E90: 1 | F90: EA | G90: 15000 | H90: =E90*G90 -> 15000 | J90: =E90*I90 -> 0 | K90: =G90+I90 -> 15000 | L90: =H90+J90 -> 15000 | M90: 선택
B91: 발코니,세탁실 등 | C91: LED 직부등 | E91: 3 | F91: EA | G91: 15000 | H91: =E91*G91 -> 45000 | J91: =E91*I91 -> 0 | K91: =G91+I91 -> 15000 | L91: =H91+J91 -> 45000
B92: 식탁 등 | C92: LED 팬던트 | E92: 1 | F92: EA | G92: 150000 | H92: =E92*G92 -> 150000 | J92: =E92*I92 -> 0 | K92: =G92+I92 -> 150000 | L92: =H92+J92 -> 150000 | M92: 선택 | N92: 없는듯?
B93: 아일랜드 등 | C93: LED 팬던트 | F93: EA | G93: 150000 | H93: =E93*G93 -> 0 | J93: =E93*I93 -> 0 | K93: =G93+I93 -> 150000 | L93: =H93+J93 -> 0 | M93: 선택 | N93: 없는듯?
B94: 주방 벽부등 | C94: LED 직부등 | E94: 1 | F94: EA | H94: =E94*G94 -> 0 | J94: =E94*I94 -> 0 | K94: =G94+I94 -> 0 | L94: =H94+J94 -> 0 | N94: 한샘 제품 사용?
B95: 간접조명 | C95: LED T5(천장,신발장) | E95: 0 | F95: EA | G95: 15000 | H95: =E95*G95 -> 0 | J95: =E95*I95 -> 0 | K95: =G95+I95 -> 15000 | L95: =H95+J95 -> 0
B96: 간접조명 | C96: LED T5(싱크상부장,욕실장) | E96: 20 | F96: EA | H96: =E96*G96 -> 0 | J96: =E96*I96 -> 0 | K96: =G96+I96 -> 0 | L96: =H96+J96 -> 0 | M96: 선택 | N96: 한샘 제품 사용?
B97: 라인조명(거실) | C97: LED 라인조명(거실) | E97: 1 | F97: EA | H97: =E97*G97 -> 0 | J97: =E97*I97 -> 0 | K97: =G97+I97 -> 0 | L97: =H97+J97 -> 0 | N97: 한샘 제품 사용?
B98: 매입등 | C98: LED 3인치 슬림 | E98: 5 | F98: EA | G98: 12500 | H98: =E98*G98 -> 62500 | J98: =E98*I98 -> 0 | K98: =G98+I98 -> 12500 | L98: =H98+J98 -> 62500
C99: LED 6인치 슬림 | E99: 30 | F99: EA | H99: =E99*G99 -> 0 | J99: =E99*I99 -> 0 | K99: =G99+I99 -> 0 | L99: =H99+J99 -> 0 | M99: 선택
C100: LED 6인치 방습 | E100: 4 | F100: EA | G100: 15000 | H100: =E100*G100 -> 60000 | J100: =E100*I100 -> 0 | K100: =G100+I100 -> 15000 | L100: =H100+J100 -> 60000 | M100: 선택
B101: 스위치 콘센트 | C101: 신규 교체 | E101: 141.59 | F101: M2 | G101: 3200 | H101: =E101*G101 -> 453088 | J101: =E101*I101 -> 0 | K101: =G101+I101 -> 3200 | L101: =H101+J101 -> 453088 | N101: 제품 어디꺼?
B102: 지정스위치 | C102: IOT스위치 | E102: 1 | F102: EA | H102: =E102*G102 -> 0 | J102: =E102*I102 -> 0 | K102: =G102+I102 -> 0 | L102: =H102+J102 -> 0
B103: 전기이설 | C103: 2.5sq | E103: 141.59 | F103: M2 | G103: 1500 | H103: =E103*G103 -> 212385 | J103: =E103*I103 -> 0 | K103: =G103+I103 -> 1500 | L103: =H103+J103 -> 212385
B104: 분전함 교체 | C104: 차단기 신설 | E104: 1 | F104: 식 | G104: 250000 | H104: =E104*G104 -> 250000 | J104: =E104*I104 -> 0 | K104: =G104+I104 -> 250000 | L104: =H104+J104 -> 250000
B105: 에어컨전기 | C105: 차단기 신설포함 | E105: 1 | F105: 식 | G105: 400000 | H105: =E105*G105 -> 400000 | J105: =E105*I105 -> 0 | K105: =G105+I105 -> 400000 | L105: =H105+J105 -> 400000
B106: 디지털도어락 | C106: 터치식 | E106: 1 | F106: EA | G106: 280000 | H106: =E106*G106 -> 280000 | J106: =E106*I106 -> 0 | K106: =G106+I106 -> 280000 | L106: =H106+J106 -> 280000 | M106: 선택
B107: 비디오폰 | C107: 7인치 | E107: 1 | F107: EA | G107: 370000 | H107: =E107*G107 -> 370000 | J107: =E107*I107 -> 0 | K107: =G107+I107 -> 370000 | L107: =H107+J107 -> 370000 | M107: 선택
B108: 전동커튼 | C108: 거실 | E108: 1 | F108: SET | H108: =E108*G108 -> 0 | J108: =E108*I108 -> 0 | K108: =G108+I108 -> 0 | L108: =H108+J108 -> 0
B109: 노임 | E109: 5 | F109: 인 | H109: =E109*G109 -> 0 | I109: 290000 | J109: =E109*I109 -> 1450000 | K109: =G109+I109 -> 290000 | L109: =H109+J109 -> 1450000
B110: 부자재 | E110: 110.03 | F110: M2 | G110: 1200 | H110: =E110*G110 -> 132036 | J110: =E110*I110 -> 0 | K110: =G110+I110 -> 1200 | L110: =H110+J110 -> 132036
B112: 소계 | H112: =SUM(H85:H110) -> 3250009 | J112: =SUM(J85:J110) -> 1450000 | L112: =SUM(L85:L111) -> 4700009
...

Sheet 진환
A1: 번호 | B1: 명칭 | C1: 규격 | D1: 스팩 | E1: 수량 | F1: 단위 | G1: 재료비 | I1: 노무비 | K1: 총액 | M1: 비고
A2: NO | B2: DESCRIPTION | C2: SIZE | D2: Spec. | E2: Q'TY | F2: UNIT | G2: 단가 | H2: 금액 | I2: 단가 | J2: 금액 | K2: 단가 | L2: 금액 | M2: REMARK
A3: ** | B3: 공 사 명:
A4: 1 | B4: 가설 공사 | E4: =1 -> 1 | F4: 식 | H4: =H39 -> 903975 | J4: =J39 -> 849540 | L4: =L39 -> 1753515
A5: 2 | B5: 철거,설비 공사 | E5: =1 -> 1 | F5: 식 | H5: =H56 -> 4046735 | J5: =J56 -> 2041130 | L5: =L56 -> 6087865
A6: 3 | B6: 목공 공사 | E6: =1 -> 1 | F6: 식 | H6: =H82 -> 3351000 | J6: =J82 -> 2800000 | L6: =L82 -> 6151000
A7: 4 | B7: 전기 공사 | E7: =1 -> 1 | F7: 식 | H7: =H112 -> 2030009 | J7: =J112 -> 1450000 | L7: =L112 -> 3480009
A8: 5 | B8: 도배 공사 | E8: =1 -> 1 | F8: 식 | H8: =H121 -> 499919 | J8: =J121 -> 2250000 | L8: =L121 -> 2749919
A9: 6 | B9: 타일 공사 | E9: =1 -> 1 | F9: 식 | H9: =H135 -> 2656000 | J9: =J135 -> 2800000 | L9: =L135 -> 5456000
A10: 7 | B10: 욕실 공사 | E10: =1 -> 1 | F10: 식 | H10: =H164 -> 920000 | J10: =J164 -> 500000 | L10: =L164 -> 1420000
A11: 8 | B11: 가구 공사 | E11: =1 -> 1 | F11: 식 | H11: =H169 -> 0 | J11: =J169 -> 0 | L11: =L169 -> 0
A12: 9 | B12: 샤시 공사 | E12: =1 -> 1 | F12: 식 | H12: =H189 -> 13158955 | J12: =J189 -> 0 | L12: =L189 -> 13158955
A13: 10 | B13: 도장 공사 | E13: =1 -> 1 | F13: 식 | H13: =H196 -> 283180 | J13: =J196 -> 495565 | L13: =L196 -> 778745
A14: 11 | B14: 마루 공사 | E14: =1 -> 1 | F14: 식 | H14: =H202 -> 0 | J14: =J199 -> 0 | L14: =L202 -> 0
A15: 12 | B15: 기타 공사 | E15: =1 -> 1 | F15: 식 | H15: =H214 -> 1376500 | J15: =J214 -> 262500 | L15: =L214 -> 1639000
B20: 직접공사비계 | H20: =SUM(H4:H13) -> 27849773 | J20: =SUM(J4:J13) -> 13186235 | L20: =SUM(L4:L15) -> 42675008
B22: A. 근재보험(노무비의 1.8%) | E22: =1 -> 1 | F22: 식 | H22: 0
B23: B. 기타경비(재료비+노무비의 3%) | E23: =1 -> 1 | F23: 식 | H23: 0
B24: C. 일반관리비(재료비+노무비의 2%) | E24: =1 -> 1 | F24: 식 | H24: 0
B25: D. 기업이윤(총액의 10%) | E25: =1 -> 1 | F25: 식 | H25: 0 | L25: =L20*10% -> 4267500.8
B26: 간접접공사비계 | H26: =SUM(E26:G26) -> 0 | J26: =SUM(G26:I26) -> 0 | L26: =SUM(L21:L25) -> 4267500.8
B27: 합계 | H27: =H20+H26 -> 27849773 | J27: =J20+J26 -> 13186235 | L27: =L20+L26 -> 46942509
K28: (단수정리) | L28: =TRUNC(L27,-5) -> 46900000
B29: **견적기준
B30: 1.관리소 예치금,견적외 제외
B31: 2.VAT별도.
A32: =A4 -> 1 | B32: =B4 -> 가설 공사 | N32: 실행
B33: 공사신고 및 동의서 | C33: 확장신고 대행 및 도면작성 | E33: 1 | F33: 식 | G33: 550000 | H33: =E33*G33 -> 550000 | J33: =E33*I33 -> 0 | K33: =G33+I33 -> 550000 | L33: =H33+J33 -> 550000
B34: 현장정리 | C34: ELV보양 포함 | D34: 기본 | E34: 141.59 | F34: M2 | G34: 1500 | H34: =E34*G34 -> 212385 | J34: =E34*I34 -> 0 | K34: =G34+I34 -> 1500 | L34: =H34+J34 -> 212385
B35: 준공청소 | E35: 141.59 | F35: M2 | G35: 1000 | H35: =E35*G35 -> 141590 | I35: 3000 | J35: =E35*I35 -> 424770 | K35: =G35+I35 -> 4000 | L35: =H35+J35 -> 566360
B36: 자재소운반 | E36: 141.59 | F36: M2 | H36: =E36*G36 -> 0 | I36: 1000 | J36: =E36*I36 -> 141590 | K36: =G36+I36 -> 1000 | L36: =H36+J36 -> 141590
B37: 자재대운반 | E37: 141.59 | F37: M2 | H37: =E37*G37 -> 0 | I37: 2000 | J37: =E37*I37 -> 283180 | K37: =G37+I37 -> 2000 | L37: =H37+J37 -> 283180
K38: =G38+I38 -> 0 | L38: =H38+J38 -> 0
B39: 소계 | H39: =SUM(H33:H38) -> 903975 | J39: =SUM(J33:J38) -> 849540 | L39: =SUM(L33:L38) -> 1753515
A41: =A5 -> 2 | B41: =B5 -> 철거,설비 공사
B42: 내부지정철거 | C42: 기본철거 | E42: 141.59 | F42: M2 | G42: 2500 | H42: =E42*G42 -> 353975 | I42: 7000 | J42: =E42*I42 -> 991130 | K42: =G42+I42 -> 9500 | L42: =H42+J42 -> 1345105
B43: 거실 확장 철거 | C43: 확장부위 전체 | E43: 1 | F43: 식 | G43: 150000 | H43: =E43*G43 -> 150000 | I43: 150000 | J43: =E43*I43 -> 150000 | K43: =G43+I43 -> 300000 | L43: =H43+J43 -> 300000
B44: 건너방 확장 철거 | C44: 확장부위 전체 | E44: 1 | F44: 식 | G44: 100000 | H44: =E44*G44 -> 100000 | I44: 150000 | J44: =E44*I44 -> 150000 | K44: =G44+I44 -> 250000 | L44: =H44+J44 -> 250000
B45: 화장실 철거 | C45: 기본철거 | E45: 2 | F45: 개소 | G45: 100000 | H45: =E45*G45 -> 200000 | I45: 150000 | J45: =E45*I45 -> 300000 | K45: =G45+I45 -> 250000 | L45: =H45+J45 -> 500000
B46: 바닥철거 | C46: 전체 철거 | E46: 105.92 | F46: M2 | G46: 3000 | H46: =E46*G46 -> 317760 | J46: =E46*I46 -> 0 | K46: =G46+I46 -> 3000 | L46: =H46+J46 -> 317760
B47: 화장실 방수 | C47: 1차 몰탈, 2차 고마스 | E47: 2 | F47: 개소 | G47: 100000 | H47: =E47*G47 -> 200000 | I47: 150000 | J47: =E47*I47 -> 300000 | K47: =G47+I47 -> 250000 | L47: =H47+J47 -> 500000
B48: 다용도실 방수 | C48: 1차 몰탈, 2차 고마스 | E48: 1 | F48: 개소 | G48: 100000 | H48: =E48*G48 -> 100000 | I48: 150000 | J48: =E48*I48 -> 150000 | K48: =G48+I48 -> 250000 | L48: =H48+J48 -> 250000
B49: 확장 난방공사 | C49: 확장부위 난방신설 | D49: 엑셀 | E49: 9 | F49: M2 | G49: 120000 | H49: =E49*G49 -> 1080000 | J49: =E49*I49 -> 0 | K49: =G49+I49 -> 120000 | L49: =H49+J49 -> 1080000
B50: 미장공사 | E50: 9 | F50: M2 | G50: 45000 | H50: =E50*G50 -> 405000 | J50: =E50*I50 -> 0 | K50: =G50+I50 -> 45000 | L50: =H50+J50 -> 405000
B51: 분배기 교체 | F51: 개소 | G51: 250000 | H51: =E51*G51 -> 0 | J51: =E51*I51 -> 0 | K51: =G51+I51 -> 250000 | L51: =H51+J51 -> 0 | M51: 선택
B52: 폐기물 | C52: 1톤 | E52: 3 | F52: 차 | G52: 380000 | H52: =E52*G52 -> 1140000 | J52: =E52*I52 -> 0 | K52: =G52+I52 -> 380000 | L52: =H52+J52 -> 1140000
B53: *난방공사 부분은 분배기와 배관의 상태에 따라 변동가능
B54: *온도조절기 부분은 별도 협의(현장 상태에 따른 협의)
B56: 소계 | H56: =SUM(H42:H55) -> 4046735 | J56: =SUM(J42:J55) -> 2041130 | L56: =SUM(L42:L55) -> 6087865
A58: =A6 -> 3 | B58: =B6 -> 목공 공사
B59: 석고보드 | C59: 3*6 | E59: 50 | F59: EA | G59: 4000 | H59: =E59*G59 -> 200000 | J59: =E59*I59 -> 0 | K59: =G59+I59 -> 4000 | L59: =H59+J59 -> 200000
B60: 방수석고보드 | C60: 3*6 | E60: 30 | F60: EA | G60: 6000 | H60: =E60*G60 -> 180000 | J60: =E60*I60 -> 0 | K60: =G60+I60 -> 6000 | L60: =H60+J60 -> 180000
B61: 각재 | C61: 1*1*12 | E61: 24 | F61: 단 | G61: 32500 | H61: =E61*G61 -> 780000 | J61: =E61*I61 -> 0 | K61: =G61+I61 -> 32500 | L61: =H61+J61 -> 780000
B62: 합판 | C62: 4*8 9.5T | E62: 6 | F62: EA | G62: 33000 | H62: =E62*G62 -> 198000 | J62: =E62*I62 -> 0 | K62: =G62+I62 -> 33000 | L62: =H62+J62 -> 198000
C63: 4*8 12T | E63: 1 | F63: EA | G63: 39500 | H63: =E63*G63 -> 39500 | J63: =E63*I63 -> 0 | K63: =G63+I63 -> 39500 | L63: =H63+J63 -> 39500
B64: MDF | C64: 4*8 9.5T | E64: 14 | F64: EA | G64: 19500 | H64: =E64*G64 -> 273000 | J64: =E64*I64 -> 0 | K64: =G64+I64 -> 19500 | L64: =H64+J64 -> 273000
C65: 4*8 12T | E65: 2 | F65: EA | G65: 26500 | H65: =E65*G65 -> 53000 | J65: =E65*I65 -> 0 | K65: =G65+I65 -> 26500 | L65: =H65+J65 -> 53000
C66: 4*8 18T | E66: 4 | F66: EA | G66: 34500 | H66: =E66*G66 -> 138000 | J66: =E66*I66 -> 0 | K66: =G66+I66 -> 34500 | L66: =H66+J66 -> 138000
B67: ISO PINK | C67: 2*3 30T | E67: 6 | F67: EA | G67: 7000 | H67: =E67*G67 -> 42000 | J67: =E67*I67 -> 0 | K67: =G67+I67 -> 7000 | L67: =H67+J67 -> 42000
B68: 온돌이 | C68: 난방 단열용 | E68: 2 | F68: 롤 | G68: 160000 | H68: =E68*G68 -> 320000 | J68: =E68*I68 -> 0 | K68: =G68+I68 -> 160000 | L68: =H68+J68 -> 320000
B70: 천정몰딩 | D70: 한샘 | E70: 55 | F70: EA | G70: 3500 | H70: =E70*G70 -> 192500 | J70: =E70*I70 -> 0 | K70: =G70+I70 -> 3500 | L70: =H70+J70 -> 192500
B71: 문선몰딩 | D71: 한샘 | E71: 30 | F71: EA | G71: 3500 | H71: =E71*G71 -> 105000 | J71: =E71*I71 -> 0 | K71: =G71+I71 -> 3500 | L71: =H71+J71 -> 105000 | M71: 선택
B72: 걸레받이 | D72: 한샘 | E72: 40 | F72: EA | H72: =E72*G72 -> 0 | J72: =E72*I72 -> 0 | K72: =G72+I72 -> 0 | L72: =H72+J72 -> 0 | M72: 협의 | N72: 얼만지 모름
B73: 액자레일 | F73: EA | G73: 15000 | H73: =E73*G73 -> 0 | J73: =E73*I73 -> 0 | K73: =G73+I73 -> 15000 | L73: =H73+J73 -> 0 | M73: 협의
B74: 현관중문 | D74: 한샘 | E74: 1 | F74: SET | H74: =E74*G74 -> 0 | J74: =E74*I74 -> 0 | K74: =G74+I74 -> 0 | L74: =H74+J74 -> 0 | M74: 선택 | N74: 이창선
B75: ABS 도어 | D75: 한샘 | E75: 0 | F75: SET | G75: 260000 | H75: =E75*G75 -> 0 | J75: =E75*I75 -> 0 | K75: =G75+I75 -> 260000 | L75: =H75+J75 -> 0 | M75: 선택
B76: 월플러스 | D76: 한샘 | E76: 15 | F76: M2 | H76: =E76*G76 -> 0 | J76: =E76*I76 -> 0 | K76: =G76+I76 -> 0 | L76: =H76+J76 -> 0 | M76: 선택
B77: 실린더 및 경첩 | D77: 한샘 | E77: 0 | F77: SET | G77: 25000 | H77: =E77*G77 -> 0 | J77: =E77*I77 -> 0 | K77: =G77+I77 -> 25000 | L77: =H77+J77 -> 0 | M77: 선택
B78: 부자재 | C78: 타카,본드,실리콘,폼 외 | E78: 1 | F78: 식 | G78: 350000 | H78: =E78*G78 -> 350000 | J78: =E78*I78 -> 0 | K78: =G78+I78 -> 350000 | L78: =H78+J78 -> 350000
B79: 목공노임 | E79: 10 | F79: 인 | H79: =E79*G79 -> 0 | I79: 280000 | J79: =E79*I79 -> 2800000 | K79: =G79+I79 -> 280000 | L79: =H79+J79 -> 2800000
B80: 장비대 | E80: 4 | F80: 대 | G80: 120000 | H80: =E80*G80 -> 480000 | J80: =E80*I80 -> 0 | K80: =G80+I80 -> 120000 | L80: =H80+J80 -> 480000
B82: 소계 | H82: =SUM(H59:H80) -> 3351000 | J82: =SUM(J59:J80) -> 2800000 | L82: =SUM(L59:L81) -> 6151000
A84: =A7 -> 4 | B84: =B7 -> 전기 공사
B85: 방등 | C85: LED 엣지등 | E85: 0 | F85: EA | G85: 85000 | H85: =E85*G85 -> 0 | J85: =E85*I85 -> 0 | K85: =G85+I85 -> 85000 | L85: =H85+J85 -> 0 | M85: 선택
B86: 거실등 | C86: LED 엣지등 | E86: 0 | F86: SET | G86: 120000 | H86: =E86*G86 -> 0 | J86: =E86*I86 -> 0 | K86: =G86+I86 -> 120000 | L86: =H86+J86 -> 0 | M86: 선택
B87: 주방등 | C87: LED 엣지등 | E87: 0 | F87: EA | G87: 120000 | H87: =E87*G87 -> 0 | J87: =E87*I87 -> 0 | K87: =G87+I87 -> 120000 | L87: =H87+J87 -> 0 | M87: 선택
B88: 드레스룸등 | C88: LED 엣지등 | E88: 0 | F88: EA | G88: 85000 | H88: =E88*G88 -> 0 | J88: =E88*I88 -> 0 | K88: =G88+I88 -> 85000 | L88: =H88+J88 -> 0 | M88: 선택
B89: 전실센서등 | C89: LED 직부등 | E89: 1 | F89: EA | H89: =E89*G89 -> 0 | J89: =E89*I89 -> 0 | K89: =G89+I89 -> 0 | L89: =H89+J89 -> 0 | M89: 선택
B90: 현관센서등(히든센서) | C90: LED 직부등+히든센서 | E90: 1 | F90: EA | G90: 15000 | H90: =E90*G90 -> 15000 | J90: =E90*I90 -> 0 | K90: =G90+I90 -> 15000 | L90: =H90+J90 -> 15000 | M90: 선택
B91: 발코니,세탁실 등 | C91: LED 직부등 | E91: 3 | F91: EA | G91: 15000 | H91: =E91*G91 -> 45000 | J91: =E91*I91 -> 0 | K91: =G91+I91 -> 15000 | L91: =H91+J91 -> 45000
B92: 식탁 등 | C92: LED 팬던트 | E92: 1 | F92: EA | G92: 150000 | H92: =E92*G92 -> 150000 | J92: =E92*I92 -> 0 | K92: =G92+I92 -> 150000 | L92: =H92+J92 -> 150000 | M92: 선택 | N92: 없는듯?
B93: 아일랜드 등 | C93: LED 팬던트 | F93: EA | G93: 150000 | H93: =E93*G93 -> 0 | J93: =E93*I93 -> 0 | K93: =G93+I93 -> 150000 | L93: =H93+J93 -> 0 | M93: 선택 | N93: 없는듯?
B94: 주방 벽부등 | C94: LED 직부등 | E94: 1 | F94: EA | H94: =E94*G94 -> 0 | J94: =E94*I94 -> 0 | K94: =G94+I94 -> 0 | L94: =H94+J94 -> 0 | N94: 한샘 제품 사용?
B95: 간접조명 | C95: LED T5(천장,신발장) | E95: 0 | F95: EA | G95: 15000 | H95: =E95*G95 -> 0 | J95: =E95*I95 -> 0 | K95: =G95+I95 -> 15000 | L95: =H95+J95 -> 0
B96: 간접조명 | C96: LED T5(싱크상부장,욕실장) | E96: 20 | F96: EA | H96: =E96*G96 -> 0 | J96: =E96*I96 -> 0 | K96: =G96+I96 -> 0 | L96: =H96+J96 -> 0 | M96: 선택 | N96: 한샘 제품 사용?
B97: 라인조명(거실) | C97: LED 라인조명(거실) | E97: 1 | F97: EA | H97: =E97*G97 -> 0 | J97: =E97*I97 -> 0 | K97: =G97+I97 -> 0 | L97: =H97+J97 -> 0 | N97: 한샘 제품 사용?
B98: 매입등 | C98: LED 3인치 슬림 | E98: 5 | F98: EA | G98: 12500 | H98: =E98*G98 -> 62500 | J98: =E98*I98 -> 0 | K98: =G98+I98 -> 12500 | L98: =H98+J98 -> 62500
C99: LED 6인치 슬림 | E99: 30 | F99: EA | H99: =E99*G99 -> 0 | J99: =E99*I99 -> 0 | K99: =G99+I99 -> 0 | L99: =H99+J99 -> 0 | M99: 선택
C100: LED 6인치 방습 | E100: 4 | F100: EA | G100: 15000 | H100: =E100*G100 -> 60000 | J100: =E100*I100 -> 0 | K100: =G100+I100 -> 15000 | L100: =H100+J100 -> 60000 | M100: 선택
B101: 스위치 콘센트 | C101: 신규 교체 | E101: 141.59 | F101: M2 | G101: 3200 | H101: =E101*G101 -> 453088 | J101: =E101*I101 -> 0 | K101: =G101+I101 -> 3200 | L101: =H101+J101 -> 453088 | N101: 제품 어디꺼?
B102: 지정스위치 | C102: IOT스위치 | E102: 1 | F102: EA | H102: =E102*G102 -> 0 | J102: =E102*I102 -> 0 | K102: =G102+I102 -> 0 | L102: =H102+J102 -> 0
B103: 전기이설 | C103: 2.5sq | E103: 141.59 | F103: M2 | G103: 1500 | H103: =E103*G103 -> 212385 | J103: =E103*I103 -> 0 | K103: =G103+I103 -> 1500 | L103: =H103+J103 -> 212385
B104: 분전함 교체 | C104: 차단기 신설 | E104: 1 | F104: 식 | G104: 250000 | H104: =E104*G104 -> 250000 | J104: =E104*I104 -> 0 | K104: =G104+I104 -> 250000 | L104: =H104+J104 -> 250000
B105: 에어컨전기 | C105: 차단기 신설포함 | E105: 0 | F105: 식 | G105: 400000 | H105: =E105*G105 -> 0 | J105: =E105*I105 -> 0 | K105: =G105+I105 -> 400000 | L105: =H105+J105 -> 0
B106: 디지털도어락 | C106: 터치식 | E106: 1 | F106: EA | G106: 280000 | H106: =E106*G106 -> 280000 | J106: =E106*I106 -> 0 | K106: =G106+I106 -> 280000 | L106: =H106+J106 -> 280000 | M106: 선택
B107: 비디오폰 | C107: 7인치 | E107: 1 | F107: EA | G107: 370000 | H107: =E107*G107 -> 370000 | J107: =E107*I107 -> 0 | K107: =G107+I107 -> 370000 | L107: =H107+J107 -> 370000 | M107: 선택
B108: 전동커튼 | C108: 거실 | E108: 1 | F108: SET | H108: =E108*G108 -> 0 | J108: =E108*I108 -> 0 | K108: =G108+I108 -> 0 | L108: =H108+J108 -> 0
B109: 노임 | E109: 5 | F109: 인 | H109: =E109*G109 -> 0 | I109: 290000 | J109: =E109*I109 -> 1450000 | K109: =G109+I109 -> 290000 | L109: =H109+J109 -> 1450000
B110: 부자재 | E110: 110.03 | F110: M2 | G110: 1200 | H110: =E110*G110 -> 132036 | J110: =E110*I110 -> 0 | K110: =G110+I110 -> 1200 | L110: =H110+J110 -> 132036
B112: 소계 | H112: =SUM(H85:H110) -> 2030009 | J112: =SUM(J85:J110) -> 1450000 | L112: =SUM(L85:L111) -> 3480009
...
