Workbook

Sheet 갑지
B3: <RH대리점용>
B6: 2020 HANSSEM STYLE PACKAGE ESTIMATE VER 2.0
B8: 공 사 견 적 서 / ESTIMATE
B9: [ ]
B10: 제 출 처/To
B12: 공 사 명 /Project
B14: 견 적 일 자/Date | D14: =TODAY() -> 44244
B16: 금 액/Amount | D16: ="일금 "&NUMBERSTRING(E18,1)&"원 정" -> 일금 일천사백오십일만구천구백원 정
D18: ( | E18: =을지!K19 -> 14519900 | G18: ) 대리점 공급가 VAT 별도
B21: 별첨 명세와 같이 견적합니다. / We are pleased to submit you our estimate as specified on attached sheet(s).
B23: 견적조건/Terms | J23: RH대리점 :
J24: 담당 RD : | M24: (인)
B25: - 한샘外공사 견적금액 | Y25: 계약확정 서명란
B26: - 현장상황에 따른 시공금액변동 가능
B27: - 추가 작업 발생시 금액 사전 협의 후 진행 원칙 | P27: 공사확정 서명란
J28: 시공협력사 : | P28: 대리점 서명
J29: 대표이사 : | M29: (인)
B31: 비 고/Remark
B33: - 계약 확정 시 공사확정 서명란에 날인 후 한샘관리자에게 회신 원칙 | J33: 한샘관리자 : | M33: (인)
B34: - 최초견적금액 공사완료여부 관계없이 해달월 DR부과 원칙
B35: - 현장실측 후 D+2일내 견적서 전달 원칙
B53: 천장목공

Sheet 을지
B4: JOB NO | D4: 항목 | E4: 기준 | F4: 단위 | G4: 수량 | L4: 비 고
H5: 자재비 | I5: 노무비 | J5: 경비 | K5: 합계
B6: 1 | C6: 기본공사비
B7: 가 | D7: 기본공사비 | H7: =SUM(견적상세!L78,견적상세!L87,견적상세!L95,견적상세!L103,견적상세!L131,견적상세!L148,견적상세!L160,견적상세!L203,견적상세!L174,견적상세!L165,견적상세!L213) -> 2035576 | I7: =SUM(견적상세!N78,견적상세!N87,견적상세!N95,견적상세!N103,견적상세!N131,견적상세!N148,견적상세!N160,견적상세!N203,견적상세!N174,견적상세!N165,견적상세!N213) -> 11348976 | K7: =SUM(견적상세!O78,견적상세!O87,견적상세!O95,견적상세!O103,견적상세!O131,견적상세!O148,견적상세!O160,견적상세!O203,견적상세!O174,견적상세!O165,견적상세!O213) -> 13384552
D8: 공사관리비 | E8: 20,000/평 | F8: 평 | G8: 30 | J8: 20000 | K8: =J8*G8 -> 600000
C9: SUB-TOTAL | K9: =SUM(K7:K8) -> 13984552
B11: 2 | C11: 간접공사비
D12: 산재/고용보험료 | E12: 노무비의 4.67% | F12: % | G12: 4.67
D13: 공과잡비 | E13: 대리점 지급단가의 4% | F13: % | G13: 4 | H13: =H7*4% -> 81423.04 | I13: =I7*4% -> 453959.04 | K13: =H13+I13 -> 535382.08
C14: SUB-TOTAL | H14: =SUM(H12:H13) -> 81423.04 | I14: =SUM(I12:I13) -> 453959.04 | J14: =SUM(J12:J13) -> 0 | K14: =SUM(K12:K13) -> 535382.08
C16: T O T A L | K16: =K9+K14 -> 14519934
D18: 단수 조정
D19: 합 계 | K19: =TRUNC(K16,-2) -> 14519900
B20: 가 | C20: =C6 -> 기본공사비
B21: 1 | D21: =견적상세!C7 -> 철거 | F21: LOT | G21: 1 | H21: =견적상세!L78 -> 0 | I21: =견적상세!N78 -> 1637900 | K21: =H21+I21 -> 1637900
B22: 2 | D22: =견적상세!C79 -> 설비 | F22: LOT | G22: 1 | H22: =견적상세!L87 -> 0 | I22: =견적상세!N87 -> 96000 | K22: =H22+I22 -> 96000
B23: 3 | D23: 확장 | F23: LOT | G23: 1 | H23: =견적상세!L95 -> 864000 | I23: =견적상세!N95 -> 1080000 | K23: =H23+I23 -> 1944000
B24: 4 | D24: =견적상세!C96 -> 단열 | F24: LOT | G24: 1 | H24: =견적상세!L103 -> 0 | I24: =견적상세!N103 -> 0 | K24: =H24+I24 -> 0 | P24: =M24+N24 -> 0
B25: 5 | D25: =견적상세!C104 -> 목공 | F25: LOT | G25: 1 | H25: =견적상세!L131 -> 273600 | I25: =견적상세!N131 -> 1196500 | K25: =H25+I25 -> 1470100 | P25: =M25+N25 -> 0
B26: 6 | D26: =견적상세!C132 -> 전기/조명 | F26: LOT | G26: 1 | H26: =견적상세!L148 -> 338600 | I26: =견적상세!N148 -> 1541000 | K26: =H26+I26 -> 1879600 | P26: =M26+N26 -> 0
B27: 7 | D27: =견적상세!C149 -> 타일 | F27: LOT | G27: 1 | H27: =견적상세!L160 -> 0 | I27: =견적상세!N160 -> 1056000 | K27: =H27+I27 -> 1056000 | P27: =M27+N27 -> 0
B28: 8 | D28: 도배 | F28: LOT | G28: 1 | H28: =견적상세!L165 -> 319376 | I28: =견적상세!N165 -> 1568576 | K28: =H28+I28 -> 1887952 | P28: =M28+N28 -> 0
B29: 9 | D29: =견적상세!C166 -> 도장 | F29: LOT | G29: 1 | H29: =견적상세!L174 -> 240000 | I29: =견적상세!N174 -> 750000 | K29: =H29+I29 -> 990000 | P29: =M29+N29 -> 0
B30: 10 | D30: 필름 | F30: LOT | G30: 1 | H30: =견적상세!L203 -> 0 | I30: =견적상세!N203 -> 1868000 | K30: =H30+I30 -> 1868000 | P30: =M30+N30 -> 0
B31: 11 | D31: =견적상세!C204 -> 기타 | F31: LOT | G31: 1 | H31: =견적상세!L213 -> 0 | I31: =견적상세!N213 -> 555000 | K31: =H31+I31 -> 555000 | P31: =M31+N31 -> 0
D32: 합 계 | H32: =SUM(H21:H31) -> 2035576 | I32: =SUM(I21:I31) -> 11348976 | K32: =SUM(K21:K31) -> 13384552 | P32: =SUM(P21:P31) -> 0

Sheet 견적상세
B4: JOB NO | C4: 항 목 | D4: 항 목 | F4: 기 준 | G4: 오더번호 | H4: 단위 | I4: 수량 | P4: 비 고
E5: 기준 | K5: 자 재 비 | M5: 노 무 비 | O5: 총액
K6: 단가 | L6: 계 | M6: 단가 | N6: 계 | O6: 총계 | R6: 재료비 | S6: 노무비
B7: 1 | C7: 철거 | D7: 철거
B8: 부엌 철거 | C8: 부엌철거_ㅡ자, ㄱ자(3.5M 미만) [단위 : set] | D8: ㅡ자, ㄱ자(3.5M 미만) [단위 : set] | E8: 3.5M 이하 ㄱ부엌 1세트 기준 [키큰장 포함] | F8: - ㅡ자 부엌, ㄱ자 부엌 3.5M 이하 | H8: set | I8: 1 | J8: =IFERROR(VLOOKUP(C8,[1]Sheet2!$A:$B,2,0),"") -> 65000 | K8: =T8 -> 0 | L8: =K8*I8 -> 0 | M8: 65000 | N8: =M8*I8 -> 65000 | O8: =N8+L8 -> 65000 | R8: 0 | S8: 80000 | T8: 0 | U8: 80000
C9: 부엌철거_ㅡ자, ㄱ자(5M 미만) [단위 : set] | D9: ㅡ자, ㄱ자(5M 미만) [단위 : set] | E9: 5M 이하 ㄱ부엌 1세트 기준 [키큰장 포함] | F9: - ㅡ자 부엌, ㄱ자 부엌 5M 이하 | H9: set | J9: =IFERROR(VLOOKUP(C9,[1]Sheet2!$A:$B,2,0),"") -> 80000 | K9: =T9 -> 0 | L9: =K9*I9 -> 0 | M9: 80000 | N9: =M9*I9 -> 0 | O9: =N9+L9 -> 0
C10: 부엌철거_ㅡ자, ㄱ자(5M 이상) [단위 : set] | D10: ㅡ자, ㄱ자(5M 이상) [단위 : set] | E10: 5M 이상 ㄱ부엌 1세트 기준 [키큰장 포함] | F10: - ㄱ자 부엌 5M 이상 | H10: set | J10: =IFERROR(VLOOKUP(C10,[1]Sheet2!$A:$B,2,0),"") -> 90000 | K10: =T10 -> 0 | L10: =K10*I10 -> 0 | M10: =U10 -> 90000 | N10: =M10*I10 -> 0 | O10: =N10+L10 -> 0 | R10: 0 | S10: 90000 | T10: 0 | U10: 90000
C11: 부엌철거_ㄷ자, ㅁ자, 병렬형(12M 미만) [단위 : set] | D11: ㄷ자, ㅁ자, 병렬형(12M 미만) [단위 : set] | E11: 12M 이하 ㄷ부엌 1세트 기준 [키큰장 포함] | F11: - ㄷ자, ㅁ자, 병렬 부엌 12M 이하 | H11: set | J11: =IFERROR(VLOOKUP(C11,[1]Sheet2!$A:$B,2,0),"") -> 120000 | K11: =T11 -> 0 | L11: =K11*I11 -> 0 | M11: =U11 -> 120000 | N11: =M11*I11 -> 0 | O11: =N11+L11 -> 0 | R11: 0 | S11: 120000 | T11: 0 | U11: 120000
C12: 부엌철거_ㄷ자, ㅁ자, 병렬형(12M 이상) [단위 : set] | D12: ㄷ자, ㅁ자, 병렬형(12M 이상) [단위 : set] | E12: 12M 이상 ㅁ부엌 1세트 기준 [키큰장 포함] | F12: - ㄷ자, ㅁ자, 병렬 부엌 12M 이상 | H12: set | J12: =IFERROR(VLOOKUP(C12,[1]Sheet2!$A:$B,2,0),"") -> 140000 | K12: =T12 -> 0 | L12: =K12*I12 -> 0 | M12: 140000 | N12: =M12*I12 -> 0 | O12: =N12+L12 -> 0
C13: 부엌철거_아일랜드 [단위 : set] | D13: 아일랜드 [단위 : set] | E13: 독립형 단독 아일랜드 1세트 기준 (카운터 타입 아일랜드 대상아님, M포함) | F13: - 독립형 단독 아일랜드 1세트 기준(카운터 타입 아일랜드 대상아님, M포함) | H13: set | J13: =IFERROR(VLOOKUP(C13,[1]Sheet2!$A:$B,2,0),"") -> 30000 | K13: =T13 -> 0 | L13: =K13*I13 -> 0 | M13: 30000 | N13: =M13*I13 -> 0 | O13: =N13+L13 -> 0
C14: 부엌철거_발코니 보조주방 [단위 : set] | D14: 발코니 보조주방 [단위 : set] | E14: 발코니 보조주방 1세트 기준 | F14: - 발코니 보조주방 1세트기준 | H14: set | J14: =IFERROR(VLOOKUP(C14,[1]Sheet2!$A:$B,2,0),"") -> 30000 | K14: =T14 -> 0 | L14: =K14*I14 -> 0 | M14: 30000 | N14: =M14*I14 -> 0 | O14: =N14+L14 -> 0 | R14: 0 | S14: 140000 | T14: 0 | U14: 140000
C15: 부엌철거_옵션기기류 [단위 : EA] | D15: 옵션기기류 [단위 : EA] | E15: 식기세척기, 프리스텐딩오븐, 빌트인 오븐, 세탁기, 세척기 등 (후드, 쿡탑, 싱크볼, 수전, 쌀통, 벽장부착형 식기건조기 제외) | F15: - 식기세척기,프리스탠딩오븐,빌트인오븐,세탁기,세척기등(후드,쿡탑,싱크볼,수전,쌀통,벽장부착형EA기건조기제외) | H15: EA | J15: =IFERROR(VLOOKUP(C15,[1]Sheet2!$A:$B,2,0),"") -> 10000 | K15: =T15 -> 0 | L15: =K15*I15 -> 0 | M15: =U15 -> 10000 | N15: =M15*I15 -> 0 | O15: =N15+L15 -> 0 | R15: 0 | S15: 10000 | T15: 0 | U15: 10000
C16: 부엌철거_입수전 공사 [단위 : EA] | D16: 입수전 공사 [단위 : EA] | E16: 1m 미만 / 기존면 입수전 내림설비 기준 | F16: - 1m 미만, 기존면 입수전 내림설비 기준 | H16: EA | J16: =IFERROR(VLOOKUP(C16,[1]Sheet2!$A:$B,2,0),"") -> 70000 | K16: =T16 -> 0 | L16: =K16*I16 -> 0 | M16: 70000 | N16: =M16*I16 -> 0 | O16: =L16+N16 -> 0 | R16: 0 | S16: 70000 | T16: 0 | U16: 84000
B17: 수납 철거 | C17: 수납철거_현관장 [단위 : EA] | D17: 현관장 [단위 : EA] | E17: 현관장 도어 1개 기준 / 하프신발장은 50% 적용 | F17: - 현관장도어1개기준/하프신발장은50%적용 | H17: EA | I17: 3 | J17: =IFERROR(VLOOKUP(C17,[1]Sheet2!$A:$B,2,0),"") -> 10000 | K17: =T17 -> 0 | L17: =K17*I17 -> 0 | M17: =U17 -> 10000 | N17: =M17*I17 -> 30000 | O17: =N17+L17 -> 30000 | R17: 0 | S17: 10000 | T17: 0 | U17: 10000
C18: 수납철거_붙박이장, 이동장, 장롱 [단위 : EA] | D18: 붙박이장, 이동장, 장롱 [단위 : EA] | E18: 붙박이장, 이동장, 장롱 도어 1개 기준 / 슬라이딩 도어 개당 2개 산정 | F18: - 벽박이장문틀, 문선, 문짝 철거 포함 도어1개기준/미장별도 | H18: EA | J18: =IFERROR(VLOOKUP(C18,[1]Sheet2!$A:$B,2,0),"") -> 12000 | K18: =T18 -> 0 | L18: =K18*I18 -> 0 | M18: 12000 | N18: =M18*I18 -> 0 | O18: =N18+L18 -> 0 | R18: 0 | S18: 15000 | T18: 0 | U18: 15000
C19: 수납철거_벽박이장, 창고장 [단위 : EA] | D19: 벽박이장, 창고장 [단위 : EA] | E19: 벽박이장 문틀, 문선, 문짝철거 포함 도어 1개 기준 / 미장 별도 | F19: - 거실장 1m이하 기준/높이 850mm 이상 상하길이 적용(x2) | H19: M | J19: =IFERROR(VLOOKUP(C19,[1]Sheet2!$A:$B,2,0),"") -> 15000 | K19: =T19 -> 0 | L19: =K19*I19 -> 0 | M19: 15000 | N19: =M19*I19 -> 0 | O19: =N19+L19 -> 0 | R19: 12000 | S19: =R19*O19 -> 0 | T19: 0 | U19: 10000
C20: 수납철거_거실장 [단위 : M] | D20: 거실장 [단위 : M] | E20: 거실장 1M이하 기준 / 높이 850mm 이상 상하길이 적용 (x2) | F20: - 1.5m이하 빌트인 화장대 기준(일반 화장대 기타 단품장 1만적용) | H20: EA | J20: =IFERROR(VLOOKUP(C20,[1]Sheet2!$A:$B,2,0),"") -> 10000 | K20: =T20 -> 0 | L20: =K20*I20 -> 0 | M20: 10000 | N20: =M20*I20 -> 0 | O20: =N20+L20 -> 0 | R20: 36000 | S20: =R20*O20 -> 0 | T20: 0 | U20: 30000
C21: 수납철거_빌트인 화장대 [단위 : EA] | D21: 빌트인 화장대 [단위 : EA] | E21: 1.5M이하 빌트인 화장대 기준 (일반 화장대 기타 단품장 1만 적용) | F21: - | H21: EA | J21: =IFERROR(VLOOKUP(C21,[1]Sheet2!$A:$B,2,0),"") -> 30000 | K21: =T21 -> 0 | L21: =K21*I21 -> 0 | M21: 30000 | N21: =M21*I21 -> 0 | O21: =N21+L21 -> 0
C22: 수납철거_기타단품장 [단위 : EA] | D22: 기타항목기입 | R22: 0 | S22: 10000 | T22: 0 | U22: 10000
B23: 바닥 철거 | C23: 바닥철거_마루(본드접착식) [단위 : 평] | D23: 마루(본드접착식) [단위 : 평] | E23: 합판마루, 강마루, 원목마루 1평 기준 (최소진입비 25만) / ex}실측면적 기준 25평의 경우 25EA 수량 발주 / 본드제거, 바닥면 정리 | F23: - 합판마루, 강마루, 원목마루 1평기준(최소진입비25만)/ex)25평의 경우 25ea수량발주 | H23: 평 | I23: 19 | J23: =IFERROR(VLOOKUP(C23,[1]Sheet2!$A:$B,2,0),"") -> 23000 | K23: =T23 -> 0 | L23: =K23*I23 -> 0 | M23: 23000 | N23: =M23*I23 -> 437000 | O23: =N23+L23 -> 437000 | R23: 8364 | S23: =R23*O23 -> 3655068000 | T23: 0 | U23: 6970
C24: 바닥철거_강화마루 [단위 : 평] | D24: 강화마루 [단위 : 평] | E24: 강화마루 1평 기준 / 최소진입비 25만 / ex} 25평의 경우 25EA 수량 발주 | F24: - 강화마루 1평기준(최소진입비25만)/ex)25평의 경우 25ea수량발주 | H24: 평 | J24: =IFERROR(VLOOKUP(C24,[1]Sheet2!$A:$B,2,0),"") -> 15200 | K24: =T24 -> 0 | L24: =K24*I24 -> 0 | M24: 15200 | N24: =M24*I24 -> 0 | O24: =N24+L24 -> 0 | R24: 5454 | S24: =R24*O24 -> 0 | T24: 0 | U24: 4600
C25: 바닥철거_데코타일 [단위 : 평] | D25: 데코타일 [단위 : 평] | E25: 테코타일 1평 기준 / 최소진입비 25만 / ex} 25평의 경우 25EA 수량 발주 | F25: - 데코타일 1평기준(최소진입비25만)/ex)25평의 경우 25ea수량발주 | H25: 평 | J25: =IFERROR(VLOOKUP(C25,[1]Sheet2!$A:$B,2,0),"") -> 15200 | K25: =T25 -> 0 | L25: =K25*I25 -> 0 | M25: 15200 | N25: =M25*I25 -> 0 | O25: =N25+L25 -> 0 | R25: 5454 | S25: =R25*O25 -> 0 | T25: 0 | U25: 4600
C26: 바닥철거_장판 (방1개 기준) [단위 : EA] | D26: 장판 (방1개 기준) [단위 : EA] | E26: 방1개 기준 / 이중장판시 2개 적용 / 거실,주방 개별 실로 구분 | F26: - 방1개기준 / 이중장판시 2개 적용 | H26: EA | I26: 3 | J26: =IFERROR(VLOOKUP(C26,[1]Sheet2!$A:$B,2,0),"") -> 10000 | K26: =T26 -> 0 | L26: =K26*I26 -> 0 | M26: =U26 -> 10000 | N26: =M26*I26 -> 30000 | O26: =N26+L26 -> 30000 | R26: 12000 | S26: =R26*O26 -> 360000000 | T26: 0 | U26: 10000
C27: 바닥철거_폴리싱타일 [단위 : 평] | D27: 폴리싱타일 [단위 : 평] | E27: 폴리싱타일 1평 기준 / 최소진입비 25만 / ex} 10평의 경우 10EA 수량 발주 | F27: - 폴리싱타일 1평기준(최소진입비25만)/ex)10평의 경우 10ea수량발주 | H27: 평 | J27: =IFERROR(VLOOKUP(C27,[1]Sheet2!$A:$B,2,0),"") -> 40000 | K27: =T27 -> 0 | L27: =K27*I27 -> 0 | M27: 40000 | N27: =M27*I27 -> 0 | O27: =N27+L27 -> 0 | R27: 14545.2 | S27: =R27*O27 -> 0 | T27: 0 | U27: 12000
C28: 바닥철거_바탕작업(한지장판샌딩) [단위 : EA] | D28: 바탕작업(한지장판샌딩) [단위 : 평] | E28: 한지 장판 경우 | F28: - 방1개기준 | H28: 평 | J28: =IFERROR(VLOOKUP(C28,[1]Sheet2!$A:$B,2,0),"") -> 10000 | K28: =T28 -> 0 | L28: =K28*I28 -> 0 | M28: =U28 -> 10000 | N28: =M28*I28 -> 0 | O28: =N28+L28 -> 0 | R28: 12000 | S28: =R28*O28 -> 0 | T28: 0 | U28: 10000
C29: 바닥철거_바탕작업(바닥샌딩) [단위 : 평] | D29: 바탕작업(바닥샌딩) [단위 : 평] | E29: 실간 바닥 단차가 발생 경우, 바닥 평활도가 심하게 차이나는 경우 (현장점검) | F29: - | H29: 평 | J29: =IFERROR(VLOOKUP(C29,[1]Sheet2!$A:$B,2,0),"") -> 5000 | K29: =T29 -> 0 | L29: =K29*I29 -> 0 | M29: 5000 | N29: =M29*I29 -> 0 | O29: =N29+L29 -> 0
C30: 바닥철거_바탕작업(프라이머, 급결) [단위 : 평] | D30: 바탕작업(프라이머, 급결) [단위 : 평] | E30: 황토/모래질 바닥 인 경우 | F30: - 전용면적 기준 | H30: 평 | J30: =IFERROR(VLOOKUP(C30,[1]Sheet2!$A:$B,2,0),"") -> 7000 | K30: =T30 -> 0 | L30: =K30*I30 -> 0 | M30: 7000 | N30: =M30*I30 -> 0 | O30: =N30+L30 -> 0 | R30: 2545.2 | S30: =R30*O30 -> 0 | T30: 0 | U30: 2120
B31: 창호 철거 | C31: 창호철거_거실분합창 [단위 : EA] | D31: 거실분합창 [단위 : EA] | E31: 거실분합창 1틀기준 / 창호팀 철거 예외분만 해당 [확장시 선철거 필요] | F31: - 1틀기준 / 창호팀 철거 예외분만 해당 (확장시 선철거 필요) | H31: EA | I31: 1 | J31: =IFERROR(VLOOKUP(C31,[1]Sheet2!$A:$B,2,0),"") -> 100000 | K31: =T31 -> 0 | L31: =K31*I31 -> 0 | M31: =U31 -> 100000 | N31: =M31*I31 -> 100000 | O31: =N31+L31 -> 100000 | R31: 0 | S31: 100000 | T31: 0 | U31: 100000
C32: 창호철거_작은방분합창 [단위 : EA] | D32: 작은방분합창 [단위 : EA] | E32: 작은방분합창 1틀기준 / 창호팀 철거 예외분만 해당 [확장시 선철거 필요] | F32: - 1틀기준 / 창호팀 철거 예외분만 해당 (확장시 선철거 필요) | H32: EA | I32: 2 | J32: =IFERROR(VLOOKUP(C32,[1]Sheet2!$A:$B,2,0),"") -> 80000 | K32: =T32 -> 0 | L32: =K32*I32 -> 0 | M32: =U32 -> 80000 | N32: =M32*I32 -> 160000 | O32: =N32+L32 -> 160000 | R32: 0 | S32: 80000 | T32: 0 | U32: 80000
B33: 목공 철거 | C33: 목공철거_몰딩 [단위 : 평] | D33: 몰딩 [단위 : 평] | E33: 몰딩철거 1평 기준 / ex) 공급면적평수 32평 = 32EA 수량 발주 | F33: - 1평기준 / 공급면적평수 32평 = 32EA수량발주 | H33: 평 | I33: 36 | J33: =IFERROR(VLOOKUP(C33,[1]Sheet2!$A:$B,2,0),"") -> 1700 | K33: =T33 -> 0 | L33: =K33*I33 -> 0 | M33: 1700 | N33: =M33*I33 -> 61200 | O33: =N33+L33 -> 61200 | R33: 840 | S33: =R33*O33 -> 51408000 | T33: 0 | U33: 700
C34: 목공철거_걸레받이 [단위 : 평] | D34: 걸레받이 [단위 : 평] | E34: 걸레받이철거 1평 기준 / ex) 공급면적평수 32평 = 32EA 수량 발주 | F34: - 1평기준 / 공급면적평수 32평 = 32EA수량발주 | H34: 평 | I34: 36 | J34: =IFERROR(VLOOKUP(C34,[1]Sheet2!$A:$B,2,0),"") -> 1700 | K34: =T34 -> 0 | L34: =K34*I34 -> 0 | M34: 1700 | N34: =M34*I34 -> 61200 | O34: =N34+L34 -> 61200 | R34: 0 | S34: 700 | T34: 0 | U34: 700
C35: 목공철거_도어(문틀, 문짝, 문선, 인방 포함) [단위 : set] | D35: 도어(문틀, 문짝, 문선, 인방 포함) [단위 : set] | E35: 도어 1세트 기준 [문틀, 문짝, 문선, 인방 포함 / 3방, 4방 동일] | F35: - 도어1세트기준[문틀, 문짝, 문턱, 문선, 인방 포함/3방,4방동일] | H35: set | J35: =IFERROR(VLOOKUP(C35,[1]Sheet2!$A:$B,2,0),"") -> 30000 | K35: =T35 -> 0 | L35: =K35*I35 -> 0 | M35: =U35 -> 30000 | N35: =M35*I35 -> 0 | O35: =N35+L35 -> 0 | R35: 0 | S35: 30000 | T35: 0 | U35: 30000
C36: 목공철거_도어(문짝만 철거) [단위 : EA] | D36: 도어(문짝만 철거) [단위 : EA] | E36: 도어 문짝철거 1개 기준 | F36: - 도어 문짝철거 1개 기준 | H36: EA | J36: =IFERROR(VLOOKUP(C36,[1]Sheet2!$A:$B,2,0),"") -> 10000 | K36: =T36 -> 0 | L36: =K36*I36 -> 0 | M36: =U36 -> 10000 | N36: =M36*I36 -> 0 | O36: =N36+L36 -> 0 | R36: 0 | S36: 10000 | T36: 0 | U36: 10000
C37: 목공철거_도어(문선만 철거) [단위 : EA] | D37: 도어(문선만 철거) [단위 : EA] | E37: 도어 문선철거 1개 기준 | F37: - 도어 문선철거 1개 기준 | H37: EA | J37: =IFERROR(VLOOKUP(C37,[1]Sheet2!$A:$B,2,0),"") -> 5000 | K37: =T37 -> 0 | L37: =K37*I37 -> 0 | M37: 5000 | N37: =M37*I37 -> 0 | O37: =N37+L37 -> 0
C38: 목공철거_문턱제거(문턱철거, 문턱미장 포함) [단위 : EA] | D38: 문턱제거(문턱철거, 문턱미장 포함) [단위 : EA] | E38: 도어 문턱철거 1개 기준 / 문턱철거, 문턱미장 포함시 | F38: - 도어 문턱철거 1개 기준 / 문턱철거, 문턱미장 포함시 | H38: EA | J38: =IFERROR(VLOOKUP(C38,[1]Sheet2!$A:$B,2,0),"") -> 30000 | K38: =T38 -> 0 | L38: =K38*I38 -> 0 | M38: =U38 -> 30000 | N38: =M38*I38 -> 0 | O38: =N38+L38 -> 0 | R38: 0 | S38: 25000 | T38: 0 | U38: 30000
C39: 목공철거_문턱미장(문턱미장만 작업) [단위 : EA] | D39: 문턱미장(문턱미장만 작업) [단위 : EA] | E39: 도어 문턱미장 1개 기준, 미장만 작업시 | F39: - 도어 문턱 미장 1개 기준, 미장만 작업시 | H39: EA | J39: =IFERROR(VLOOKUP(C39,[1]Sheet2!$A:$B,2,0),"") -> 10000 | K39: =T39 -> 0 | L39: =K39*I39 -> 0 | M39: =U39 -> 10000 | N39: =M39*I39 -> 0 | O39: =N39+L39 -> 0 | R39: 0 | S39: 10000 | T39: 0 | U39: 10000
C40: 목공철거_중문 [단위 : set] | D40: 중문 [단위 : set] | E40: 중문철거 1세트 기준 (종류,길이 상관없음) | F40: - 중문철거 1세트 기준(종류,길이 상관없음) | H40: set | J40: =IFERROR(VLOOKUP(C40,[1]Sheet2!$A:$B,2,0),"") -> 60000 | K40: =T40 -> 0 | L40: =K40*I40 -> 0 | M40: =U40 -> 60000 | N40: =M40*I40 -> 0 | O40: =N40+L40 -> 0 | R40: 0 | S40: 50000 | T40: 0 | U40: 60000
C41: 목공철거_천장철거 우물천장 [단위 : set] | D41: 천장철거 우물천장 [단위 : set] | E41: 우물천장 철거 1세트 기준 | F41: - 우물천장 철거 1세트 기준 | H41: set | I41: 1 | J41: =IFERROR(VLOOKUP(C41,[1]Sheet2!$A:$B,2,0),"") -> 100000 | K41: =T41 -> 0 | L41: =K41*I41 -> 0 | M41: =U41 -> 100000 | N41: =M41*I41 -> 100000 | O41: =N41+L41 -> 100000 | R41: 0 | S41: 100000 | T41: 0 | U41: 100000
C42: 목공철거_천장철거 천장등박스 [단위 : set] | D42: 천장철거 천장등박스 [단위 : set] | E42: 등박스 목공철거 1세트 기준 (사이즈 무관) | F42: - 등박스 목공철거 1세트 기준(사이즈무관) | H42: set | J42: =IFERROR(VLOOKUP(C42,[1]Sheet2!$A:$B,2,0),"") -> 30000 | K42: =T42 -> 0 | L42: =K42*I42 -> 0 | M42: =U42 -> 30000 | N42: =M42*I42 -> 0 | O42: =N42+L42 -> 0 | R42: 0 | S42: 30000 | T42: 0 | U42: 30000
C43: 목공철거_천장철거 전체 [단위 : 평] | D43: 천장철거 전체 [단위 : 평] | E43: 천장 전체철거 (우물천장 포함) 1평당 기준 | F43: - 천장 전체철거(우물천장포함)1평당기준 | H43: 평 | J43: =IFERROR(VLOOKUP(C43,[1]Sheet2!$A:$B,2,0),"") -> 15000 | K43: =T43 -> 0 | L43: =K43*I43 -> 0 | M43: =U43 -> 15000 | N43: =M43*I43 -> 0 | O43: =N43+L43 -> 0 | R43: 0 | S43: 15000 | T43: 0 | U43: 15000
C44: 목공철거_현관루버 [단위 : M] | D44: 현관루버 [단위 : M] | E44: 현관 루버 철거 1M 기준 / 하프의 경우 50%적용 / 미장 작업 포함 | F44: - 현관루버 철거 1m기준 / 하프의 경우 50% 적용/ 미장 작업포함 | H44: M | J44: =IFERROR(VLOOKUP(C44,[1]Sheet2!$A:$B,2,0),"") -> 30000 | K44: =T44 -> 0 | L44: =K44*I44 -> 0 | M44: 30000 | N44: =M44*I44 -> 0 | O44: =N44+L44 -> 0
B45: 벽체 철거 | C45: 벽체철거_가벽 [단위 : M] | D45: 벽체가벽 [단위 : M] | E45: 목공 칸막이,날개벽 철거 [목공,석고보드,단열재 포함], 높이 2400mm 이하, 1M 기준 | F45: - 목공칸막이, 날개벽철거(목공,석고보드,단열재포함) 높이2400mm이하, 1M기준 | H45: M | J45: =IFERROR(VLOOKUP(C45,[1]Sheet2!$A:$B,2,0),"") -> 50000 | K45: =T45 -> 0 | L45: =K45*I45 -> 0 | M45: =U45 -> 50000 | N45: =M45*I45 -> 0 | O45: =N45+L45 -> 0 | R45: 0 | S45: 50000 | T45: 0 | U45: 50000
C46: 벽체철거_조적벽(부분) [단위 : EA] | D46: 벽체조적벽(부분) [단위 : EA] | E46: 벽박이 상단 하리 등 부분조적벽 1개 기준 | F46: - 벽박이 상단 하리 등 부분조적벽 1개 기준 | H46: EA | J46: =IFERROR(VLOOKUP(C46,[1]Sheet2!$A:$B,2,0),"") -> 30000 | K46: =T46 -> 0 | L46: =K46*I46 -> 0 | M46: =U46 -> 30000 | N46: =M46*I46 -> 0 | O46: =N46+L46 -> 0 | R46: 0 | S46: 30000 | T46: 0 | U46: 30000
C47: 벽체철거_조적벽(날개) [단위 : M] | D47: 벽체조적벽(날개) [단위 : M] | E47: 비내력 조적벽 1M 기준 / 콘크리트 내력벽(옹벽) 철거 불가 | F47: - 비내력 조적벽 1M기준/ 콘크리트 내력벽(옹벽) 철거 불가 | H47: M | J47: =IFERROR(VLOOKUP(C47,[1]Sheet2!$A:$B,2,0),"") -> 50000 | K47: =T47 -> 0 | L47: =K47*I47 -> 0 | M47: =U47 -> 50000 | N47: =M47*I47 -> 0 | O47: =N47+L47 -> 0 | R47: 0 | S47: 50000 | T47: 0 | U47: 50000
C48: 철거_에어컨 배관 매립 (2M 이내) [단위 : EA] | D48: 에어컨 배관 매립 (2M 이내) [단위 : EA] | E48: **에어컨 배관 설치 별도 / 철거면적 2M 이내 | H48: EA | J48: =IFERROR(VLOOKUP(C48,[1]Sheet2!$A:$B,2,0),"") -> 40000 | M48: 40000 | N48: =M48*I48 -> 0 | O48: =N48+L48 -> 0
C49: 철거_에어컨 배관 매립 (2M 이상) [단위 : EA] | D49: 에어컨 배관 매립 (2M 이상) [단위 : EA] | E49: **에어컨 배관 설치 별도 / 철거면적 2M 이상 | H49: EA | J49: =IFERROR(VLOOKUP(C49,[1]Sheet2!$A:$B,2,0),"") -> 50000 | M49: 50000 | N49: =M49*I49 -> 0 | O49: =N49+L49 -> 0
C50: 벽체철거_아트월(목공) [단위 : M] | D50: 벽체아트월(목공) [단위 : M] | E50: 목공 아트월 1M 기준 / 높이 2400mm 이하 | F50: - 목공 아트월 1M기준/높이 2400mm 이하 | H50: M | J50: =IFERROR(VLOOKUP(C50,[1]Sheet2!$A:$B,2,0),"") -> 30000 | K50: =T50 -> 0 | L50: =K50*I50 -> 0 | M50: =U50 -> 30000 | N50: =M50*I50 -> 0 | O50: =N50+L50 -> 0 | R50: 0 | S50: 25000 | T50: 0 | U50: 30000
C51: 벽체철거_아트월(타일) [단위 : M] | D51: 벽체아트월(타일) [단위 : M] | E51: 타일 아트월 1M 기준 / 높이 2400mm 이하 | F51: - 타일 아트월 1M기준/높이 2400mm 이하 | H51: M | J51: =IFERROR(VLOOKUP(C51,[1]Sheet2!$A:$B,2,0),"") -> 45600 | K51: =T51 -> 0 | L51: =K51*I51 -> 0 | M51: =U51 -> 45600 | N51: =M51*I51 -> 0 | O51: =N51+L51 -> 0 | R51: 0 | S51: 38000 | T51: 0 | U51: 45600
B52: 타일 철거 | C52: 타일철거_주방 [단위 : M] | D52: 타일주방 [단위 : M] | E52: 주방 벽타일 철거 1M 기준 / 높이 1200mm 이하 | F52: - 주방 벽타일 철거 1M기준/ 높이 1200mm 이하 | H52: M | I52: 4.1 | J52: =IFERROR(VLOOKUP(C52,[1]Sheet2!$A:$B,2,0),"") -> 15000 | K52: =T52 -> 0 | L52: =K52*I52 -> 0 | M52: =U52 -> 15000 | N52: =M52*I52 -> 61500 | O52: =N52+L52 -> 61500 | R52: 0 | S52: 15000 | T52: 0 | U52: 15000
C53: 타일철거_발코니 바닥 [단위 : ㎡] | D53: 타일발코니 바닥 [단위 : ㎡] | E53: 발코니 바닥타일 철거 1㎡ 기준 / ex) 1평기준 3.3㎡ = 3.3 EA [예시] 2평의 경우 2 x 3.3 = 6.6EA = 7EA | F53: - 발코니 바닥타일 철거 1㎡ 기준 / ex) 1평기준 3.3㎡ - 3.3EA[예시]2평의 경우 2 x 3.3 = 6.6EA = 7EA | H53: ㎡ | I53: 9 | J53: =IFERROR(VLOOKUP(C53,[1]Sheet2!$A:$B,2,0),"") -> 18000 | K53: =T53 -> 0 | L53: =K53*I53 -> 0 | M53: =U53 -> 18000 | N53: =M53*I53 -> 162000 | O53: =N53+L53 -> 162000 | R53: 0 | S53: 18000 | T53: 0 | U53: 18000
C54: 타일철거_현관 [단위 : 평] | D54: 타일현관 [단위 : 평] | E54: 현관타일 1평이하 철거 기준 / 디딤석 포함 | F54: - 1평이하 철거 기준, 디딤석 포함 | H54: 평 | I54: 1 | J54: =IFERROR(VLOOKUP(C54,[1]Sheet2!$A:$B,2,0),"") -> 50000 | K54: =T54 -> 0 | L54: =K54*I54 -> 0 | M54: =U54 -> 50000 | N54: =M54*I54 -> 50000 | O54: =N54+L54 -> 50000 | R54: 0 | S54: 50000 | T54: 0 | U54: 50000
C55: 타일철거_현관타일 단 낮춤 [단위 : EA] | D55: 타일현관타일 단 낮춤 [단위 : EA] | E55: 현관타일 단 낮춤 기준 / 현관타일 철거 미포함 / ex) 현관타일 철거 1개 + 현관타일 단 낮춤 1개 = 10만 | F55: - 현관타일 철거 미포함 / ex)현관타일 철거 1개 + 현관타일 단 낮춤 1개 = 10만 | H55: EA | J55: =IFERROR(VLOOKUP(C55,[1]Sheet2!$A:$B,2,0),"") -> 50000 | K55: =T55 -> 0 | L55: =K55*I55 -> 0 | M55: 50000 | N55: =M55*I55 -> 0 | O55: =N55+L55 -> 0
C56: 타일철거_발코니 소형 단 철거 [단위 : EA] | D56: 발코니 소형 단 철거 [단위 : EA] | E56: 세탁기 바닥 면적 기준 | H56: EA | J56: =IFERROR(VLOOKUP(C56,[1]Sheet2!$A:$B,2,0),"") -> 50000 | M56: 50000 | N56: =M56*I56 -> 0 | O56: =N56+L56 -> 0
B57: 욕실 철거 | C57: 욕실철거_기본 [단위 : set] | D57: 욕실기본 [단위 : set] | E57: 욕실 철거 1세트 기준 / 천장, 내부기구 기본철거 (덧방 기준, 도기 및 장철거) | F57: - 욕실철거 1세트기준/ 천장,내부기구 기본철거(덧방 기준, 도기 및 장철거) | H57: set | I57: 2 | J57: =IFERROR(VLOOKUP(C57,[1]Sheet2!$A:$B,2,0),"") -> 120000 | K57: =T57 -> 0 | L57: =K57*I57 -> 0 | M57: =U57 -> 120000 | N57: =M57*I57 -> 240000 | O57: =N57+L57 -> 240000 | R57: 0 | S57: 120000 | T57: 0 | U57: 120000
C58: 욕실철거_옵션_욕조 [단위 : EA] | D58: 욕실옵션_욕조 [단위 : EA] | E58: 욕조 철거 1개 기준 / 4면조적 욕조의 경우 5만 추가 | F58: - 욕조철거 1개 기준 / 4면조적 욕조의 경우 5만 추가 | H58: EA | I58: 1 | J58: =IFERROR(VLOOKUP(C58,[1]Sheet2!$A:$B,2,0),"") -> 30000 | K58: =T58 -> 0 | L58: =K58*I58 -> 0 | M58: =U58 -> 30000 | N58: =M58*I58 -> 30000 | O58: =N58+L58 -> 30000 | R58: 0 | S58: 30000 | T58: 0 | U58: 30000
C59: 욕실철거_옵션_벽타일(1면) [단위 : EA] | D59: 욕실옵션_벽타일(1면) [단위 : EA] | E59: 욕실 벽1면 철거 기준, 타일 접착상태 불량으로 휴판넬 설치 불가능시 | F59: - 욕실 벽1면 철거 기준 / 타일 접착상태 불량으로 휴판넬 설치 불가능시 | H59: EA | J59: =IFERROR(VLOOKUP(C59,[1]Sheet2!$A:$B,2,0),"") -> 50000 | K59: =T59 -> 0 | L59: =K59*I59 -> 0 | M59: =U59 -> 50000 | N59: =M59*I59 -> 0 | O59: =N59+L59 -> 0 | R59: 0 | S59: 50000 | T59: 0 | U59: 50000
C60: 욕실철거_바닥철거 [단위 : EA] | D60: 바닥철거 [단위 : EA] | E60: 욕실 바닥 타일 철거(방수포함) | H60: EA | J60: =IFERROR(VLOOKUP(C60,[1]Sheet2!$A:$B,2,0),"") -> 307800 | M60: 307800 | N60: =M60*I60 -> 0 | O60: =N60+L60 -> 0
C61: 욕실철거_전체철거 [단위 : EA] | D61: 전체철거 [단위 : EA] | E61: 욕실 전체 타일 철거(방수포함) | H61: EA | J61: =IFERROR(VLOOKUP(C61,[1]Sheet2!$A:$B,2,0),"") -> 666900 | M61: 666900 | N61: =M61*I61 -> 0 | O61: =N61+L61 -> 0
C62: 욕실철거_UBR철거 [단위 : EA] | D62: UBR철거 [단위 : EA] | E62: URB 욕실 철거 , 설비, 방수 작업 포함 | H62: EA | J62: =IFERROR(VLOOKUP(C62,[1]Sheet2!$A:$B,2,0),"") -> 1026000 | M62: 1026000 | N62: =M62*I62 -> 0 | O62: =N62+L62 -> 0
C63: 욕실철거_바닥방수 [단위 : EA] | D63: 욕실바닥방수 [단위 : EA] | E63: 욕실 전체 바닥 방수몰탈 기준, 미장포함 (액체방수 2차) | F63: - 욕실 전체 바닥 방수몰탈 기준, 미장포함 | H63: EA | J63: =IFERROR(VLOOKUP(C63,[1]Sheet2!$A:$B,2,0),"") -> 100000 | K63: =T63 -> 0 | L63: =K63*I63 -> 0 | M63: =U63 -> 100000 | N63: =M63*I63 -> 0 | O63: =N63+L63 -> 0 | R63: 0 | S63: 100000 | T63: 0 | U63: 100000
C64: 욕실철거_욕조방수 [단위 : EA] | D64: 욕실욕조방수 [단위 : EA] | E64: 욕실 욕조부 바닥 고뫄스 | F64: - 욕실 욕조부 바닥 고뫄스 | H64: EA | I64: 1 | J64: =IFERROR(VLOOKUP(C64,[1]Sheet2!$A:$B,2,0),"") -> 50000 | K64: =T64 -> 0 | L64: =K64*I64 -> 0 | M64: =U64 -> 50000 | N64: =M64*I64 -> 50000 | O64: =N64+L64 -> 50000 | R64: 0 | S64: 50000 | T64: 0 | U64: 50000
C65: 욕실철거_라지에이터 [단위 : EA] | D65: 욕실라지에이터 [단위 : EA] | E65: 라디에이터 철거 후 엑셀연결, 매립, 미장 포함 | F65: - 라지에이터 철거 후 엑셀연결 매립, 미장 포함 | H65: EA | J65: =IFERROR(VLOOKUP(C65,[1]Sheet2!$A:$B,2,0),"") -> 70000 | K65: =T65 -> 0 | L65: =K65*I65 -> 0 | M65: =U65 -> 70000 | N65: =M65*I65 -> 0 | O65: =N65+L65 -> 0 | R65: 0 | S65: 70000 | T65: 0 | U65: 70000
C66: 욕실설비_급수관 신설(냉온수 1면꺾음) [단위 : EA] | D66: 욕실급수관 신설(냉온수 1면꺾음) [단위 : EA] | E66: 급수관 냉,온수 1조 신설 1면꺾음 기준 | F66: - 급수관 냉,온수 1조 신설 1면꺾음 기준 | H66: EA | J66: =IFERROR(VLOOKUP(C66,[1]Sheet2!$A:$B,2,0),"") -> 120000 | K66: =T66 -> 0 | L66: =K66*I66 -> 0 | M66: 120000 | N66: =M66*I66 -> 0 | O66: =N66+L66 -> 0
C67: 욕실설비_급수관 신설(냉온수 2면꺾음) [단위 : EA] | D67: 욕실급수관 신설(냉온수 2면꺾음) [단위 : EA] | E67: 급수관 냉,온수 1조 신설 2면꺾음 기준 | F67: - 급수관 냉,온수 1조 신설 2면꺾음 기준 | H67: EA | J67: =IFERROR(VLOOKUP(C67,[1]Sheet2!$A:$B,2,0),"") -> 180000 | K67: =T67 -> 0 | L67: =K67*I67 -> 0 | M67: 180000 | N67: =M67*I67 -> 0 | O67: =N67+L67 -> 0
C68: 욕실설비_급수관 이동 [단위 : EA] | D68: 욕실급수관 이동 [단위 : EA] | E68: 급수관 냉,온수 기존면 이동 기준 / 세면부 모음작업, 샤워부 높이조절 등 | F68: - 급수관 냉, 온수 기존면 이동 기준/ 세면부 모음작업, 샤워부 높이조절 등 | H68: EA | J68: =IFERROR(VLOOKUP(C68,[1]Sheet2!$A:$B,2,0),"") -> 84000 | K68: =T68 -> 0 | L68: =K68*I68 -> 0 | M68: 84000 | N68: =M68*I68 -> 0 | O68: =N68+L68 -> 0
C69: 욕실설비_P트랩 전환 [단위 : EA] | D69: 욕실P트랩 전환 [단위 : EA] | E69: 바닥 배수 → 벽 배수 전환 / 철거,매립 1개 기준 | F69: - 바닥 배수 -> 벽 배수 전환 / 철거, 매립 1개 기준 | H69: EA | J69: =IFERROR(VLOOKUP(C69,[1]Sheet2!$A:$B,2,0),"") -> 84000 | K69: =T69 -> 0 | L69: =K69*I69 -> 0 | M69: 84000 | N69: =M69*I69 -> 0 | O69: =N69+L69 -> 0
C70: 욕실설비_조적 젠다이 시공(숏) [단위 : EA] | D70: 욕실조적 젠다이 시공(숏) [단위 : EA] | E70: 욕실 A면 세면대부 조적젠다이 시공 1세트 기준 | F70: - 욕실 A면 세면대부 조적젠다이 시공 1세트 기준 | H70: EA | J70: =IFERROR(VLOOKUP(C70,[1]Sheet2!$A:$B,2,0),"") -> 150000 | K70: =T70 -> 0 | L70: =K70*I70 -> 0 | M70: 150000 | N70: =M70*I70 -> 0 | O70: =N70+L70 -> 0
C71: 욕실설비_조적 젠다이 시공(롱) [단위 : EA] | D71: 욕실조적 젠다이 시공(롱) [단위 : EA] | E71: 욕실 A면 전체 조직젠다이 시공 1세트 기준 | F71: - 욕실 A면 전체 조적젠다이 시공 1세트 기준 | H71: EA | J71: =IFERROR(VLOOKUP(C71,[1]Sheet2!$A:$B,2,0),"") -> 200000 | K71: =T71 -> 0 | L71: =K71*I71 -> 0 | M71: =U71 -> 200000 | N71: =M71*I71 -> 0 | O71: =N71+L71 -> 0 | S71: 200000 | T71: 0 | U71: 200000
B72: 기타 철거 | C72: 기타철거_잡철물 [단위 : EA] | D72: 기타잡철물 [단위 : EA] | E72: 조명 / 건조대 / 버티칼 / 거울류 / 블라인드 / 현관방충망 등 포함 1현장 기준 1EA로 계산, 단품철거 현장에서 발생시 개당 1만 적용 | F72: - 조명/건조대/버티칼/거울류/블라인드/현관방충망 등 포함 1현장기준 1EA로 계산, 단품철거현장에서 발생시 개당 1만 적용 | H72: EA | J72: =IFERROR(VLOOKUP(C72,[1]Sheet2!$A:$B,2,0),"") -> 100000 | K72: =T72 -> 0 | L72: =K72*I72 -> 0 | M72: 100000 | N72: =M72*I72 -> 0 | O72: =N72+L72 -> 0
C73: 기타철거_보양 (실내외) [단위 : EA] | D73: 기타보양 (실내외) [단위 : EA] | E73: 실내외 및 엘리베이터 등 작업현장 보양 및 정리비용, 1현장 기준 1EA로 계산 | F73: - 실내외 엘리베이터 등 작업현장 보양 및 정리비용, 1현장 기준 1EA로 계산 | H73: EA | J73: =IFERROR(VLOOKUP(C73,[1]Sheet2!$A:$B,2,0),"") -> 150000 | K73: =T73 -> 60000 | L73: =K73*I73 -> 0 | M73: 150000 | N73: =M73*I73 -> 0 | O73: =N73+L73 -> 0 | R73: 50000 | S73: 50000 | T73: 60000 | U73: 90000
C74: 기타철거_보양(바닥) [단위 : EA] | D74: 기타보양(바닥) [단위 : EA] | E74: 플로베니아 1800x900 바닥보양 1개 기준 , 플라베니아 1장=0.5평 기준 계산 | F74: - 플로베니아 1800x900 바닥보양 1개 기준 | H74: EA | J74: =IFERROR(VLOOKUP(C74,[1]Sheet2!$A:$B,2,0),"") -> 5500 | K74: =T74 -> 0 | L74: =K74*I74 -> 0 | M74: 5500 | N74: =M74*I74 -> 0 | O74: =N74+L74 -> 0
C75: 기타철거_복스작업 [단위 : EA] | D75: 기타복스작업 [단위 : EA] | E75: 전기 복스 작업 1개 기준, 콘센트 내부 박스작업 | F75: - 전기 복스 작업 1개 기준, 콘센트 내부 박스작업 | H75: EA | J75: =IFERROR(VLOOKUP(C75,[1]Sheet2!$A:$B,2,0),"") -> 30000 | K75: =T75 -> 0 | L75: =K75*I75 -> 0 | M75: 30000 | N75: =M75*I75 -> 0 | O75: =N75+L75 -> 0
C76: 철거_폐기물처리(총 철거비의 10%) | D76: 폐기물처리(총 철거비의 10%) | E76: 총 철거비의 10%기준 [설비 비용제외] | F76: - 총 철거비의 10% 기준 [설비 비용제외] | H76: t | J76: =IFERROR(VLOOKUP(C76,[1]Sheet2!$A:$B,2,0),"") | K76: =T76 -> 0 | L76: =K76*I76 -> 0 | M76: =U76 -> 100000 | N76: =M76*I76 -> 0 | O76: =N76+L76 -> 0 | R76: 0 | S76: 100000 | T76: 0 | U76: 100000
C77: 철거_기타항목기입 | D77: 기타항목기입 | F77: 디딤판 철거 ( 대리석 면적 넓음 ) | H77: EA | J77: =IFERROR(VLOOKUP(C77,[1]Sheet2!$A:$B,2,0),"") | K77: =T77 -> 0 | L77: =K77*I77 -> 0 | M77: 100000 | N77: =M77*I77 -> 0 | O77: =N77+L77 -> 0 | T77: 0 | U77: 0
C78: 소 계 | D78: 소 계 | J78: =IFERROR(VLOOKUP(C78,[1]Sheet2!$A:$B,2,0),"") | L78: =SUM(L8:L77) -> 0 | N78: =SUM(N8:N77) -> 1637900 | O78: =SUM(O8:O77) -> 1637900
B79: 2 | C79: 설비 | D79: 설비 | H79: =IFERROR(VLOOKUP(C79,[1]Sheet2!$A:$B,2,0),"")
C80: 설비_급수관 신설(냉온수 1면꺾음) [단위 : EA] | D80: 급수관 신설(냉온수 1면꺾음) [단위 : EA] | E80: 급수관 냉,온수 1조 신설 1면꺾음 기준 | F80: - 급수관 냉, 온수 1조 신설 1면 꺾음 기준 | H80: EA | J80: =IFERROR(VLOOKUP(C80,[1]Sheet2!$A:$B,2,0),"") -> 120000 | K80: =T80 -> 0 | L80: =K80*I80 -> 0 | M80: =U80 -> 120000 | N80: =M80*I80 -> 0 | O80: =L80+N80 -> 0 | R80: 0 | S80: 100000 | T80: 0 | U80: 120000
C81: 설비_급수관 신설(냉온수 2면꺾음) [단위 : EA] | D81: 급수관 신설(냉온수 2면꺾음) [단위 : EA] | E81: 급수관 냉,온수 1조 신설 2면꺾음 기준 | F81: - 급수관 냉, 온수 1조 신설 2면 꺾음 기준 | H81: EA | J81: =IFERROR(VLOOKUP(C81,[1]Sheet2!$A:$B,2,0),"") -> 180000 | K81: =T81 -> - | L81: =K81*I81 -> 0 | M81: =U81 -> 180000 | N81: =M81*I81 -> 0 | O81: =L81+N81 -> 0 | T81: - | U81: 180000
C82: 설비_급수관 이동 [단위 : EA] | D82: 급수관 이동 [단위 : EA] | E82: 급수관 냉,온수 기존면 이동 기준 | F82: - 급수관 냉, 온수 기존면 이동 기준 | H82: EA | J82: =IFERROR(VLOOKUP(C82,[1]Sheet2!$A:$B,2,0),"") -> 84000 | K82: =T82 -> 0 | L82: =T82 -> 0 | M82: =U82 -> 84000 | N82: =M82*I82 -> 0 | O82: =SUM(L82,N82) -> 0 | S82: 70000 | T82: 0 | U82: 84000
C83: 설비_발코니 단올림 [단위 : EA] | D83: 발코니 단올림 [단위 : EA] | E83: 발코니 단올림 1실 기준 / 난방설비 미포함 | F83: - 발코니 단올림 1실 기준/ 난방설비 미포함 | H83: EA | J83: =IFERROR(VLOOKUP(C83,[1]Sheet2!$A:$B,2,0),"") -> 486000 | K83: =T83 -> 186000 | L83: =K83*I83 -> 0 | M83: =U83 -> 300000 | N83: =M83*I83 -> 0 | O83: =L83+N83 -> 0 | R83: 200000 | S83: 250000 | T83: =240000-54000 -> 186000 | U83: 300000
C84: 설비_세탁기 단올림(단차미장) [단위 : EA] | D84: 세탁기 단올림(단차미장) [단위 : EA] | E84: 세탁기 단올림 1실 기준 / 70mm 표준 높이 | F84: - 세탁기 단올림 1실 기준/ 70mm 표준높이 | H84: EA | I84: 1 | J84: =IFERROR(VLOOKUP(C84,[1]Sheet2!$A:$B,2,0),"") -> 96000 | K84: =T84 -> 0 | L84: =K84*I84 -> 0 | M84: =U84 -> 96000 | N84: =M84*I84 -> 96000 | O84: =L84+N84 -> 96000 | R84: 0 | S84: 80000 | T84: 0 | U84: 96000
C85: 설비_배수구이동(위치변경) [단위 : EA] | D85: 배수구이동(위치변경) [단위 : EA] | E85: 발코니 배수구 이동 | H85: EA | J85: =IFERROR(VLOOKUP(C85,[1]Sheet2!$A:$B,2,0),"") -> 84000 | K85: =T85 -> 0 | L85: =K85*I85 -> 0 | M85: 84000 | N85: =M85*I85 -> 0 | O85: =L85+N85 -> 0 | R85: 0 | S85: 80000 | T85: 0 | U85: -
C86: 설비_현관 단올림 [단위 : EA] | D86: 현관 단올림 [단위 : EA] | E86: 중문 설치부 현관부 단올림 | H86: EA | J86: =IFERROR(VLOOKUP(C86,[1]Sheet2!$A:$B,2,0),"") -> 96000 | K86: =T86 -> 0 | L86: =K86*I86 -> 0 | M86: 96000 | N86: =M86*I86 -> 0 | O86: =L86+N86 -> 0 | R86: 0 | S86: 80000 | T86: 0 | U86: -
C87: 소 계 | D87: 소 계 | J87: =IFERROR(VLOOKUP(C87,[1]Sheet2!$A:$B,2,0),"") | L87: =SUM(L80:L86) -> 0 | N87: =SUM(N80:N86) -> 96000 | O87: =SUM(O80:O86) -> 96000
B88: 3 | C88: 확장 | D88: 확장 | H88: =IFERROR(VLOOKUP(C88,[1]Sheet2!$A:$B,2,0),"")
C89: 확장_거실발코니(종합-단열포함) [단위 : EA] | D89: 거실발코니(종합-단열포함) [단위 : EA] | E89: 엑셀 + 미장 +단열 33t(벽, 천장) + 석고1p | F89: - 엑셀 + 미장 +단열 33t(벽, 천장) + 석고1p | H89: EA | J89: =IFERROR(VLOOKUP(C89,[1]Sheet2!$A:$B,2,0),"") -> 1242000 | K89: =T89 -> 522000 | L89: =K89*I89 -> 0 | M89: =U89 -> 720000 | N89: =M89*I89 -> 0 | O89: =L89+N89 -> 0 | R89: 550000 | S89: 600000 | T89: =660000-138000 -> 522000 | U89: 720000
C90: 확장_방/주방(종합-단열포함) [단위 : EA] | D90: 방/주방(종합-단열포함) [단위 : EA] | E90: 엑셀 + 미장 +단열 33t(벽, 천장) + 석고1p | F90: - 엑셀 + 미장 +단열 33t(벽, 천장) + 석고1p | H90: EA | I90: 2 | J90: =IFERROR(VLOOKUP(C90,[1]Sheet2!$A:$B,2,0),"") -> 972000 | K90: =T90 -> 432000 | L90: =K90*I90 -> 864000 | M90: =U90 -> 540000 | N90: =M90*I90 -> 1080000 | O90: =L90+N90 -> 1944000 | R90: 450000 | S90: 450000 | T90: =540000-108000 -> 432000 | U90: 540000
C91: 확장_거실발코니(단과-단열제외) [단위 : EA] | D91: 거실발코니(단과-단열제외) [단위 : EA] | E91: 거실 발코니 확장 1실 기준 / 엑셀작업,미장(수평몰탈) 포함, 단열제외 / 4m 이상 시 5만원 추가 | F91: 거실 발코니 확장 1실 기준 / 엑셀작업, 미장(수평몰탈) 포함, 단열제외 / 4M이상 시 5만원 추가 | H91: EA | J91: =IFERROR(VLOOKUP(C91,[1]Sheet2!$A:$B,2,0),"") -> 621000 | K91: 261000 | L91: =K91*I91 -> 0 | M91: 360000 | N91: =M91*I91 -> 0 | O91: =L91+N91 -> 0
C92: 확장_방/주방(단과-단열제외) [단위 : EA] | D92: 방/주방(단과-단열제외) [단위 : EA] | E92: 방/주방 발코니 확장 1실 기준 / 엑셀작업,미장(수평몰탈) 포함, 단열제외 / 3m 이상 시 5만원 추가 | F92: 방/주방 발코니 확장 1실 기준 / 엑셀작업, 미장(수평몰탈) 포함, 단열제외 / 3M이상 시 5만원 추가 | H92: EA | J92: =IFERROR(VLOOKUP(C92,[1]Sheet2!$A:$B,2,0),"") -> 486000 | K92: 216000 | L92: =K92*I92 -> 0 | M92: 270000 | N92: =M92*I92 -> 0 | O92: =L92+N92 -> 0
C93: 확장_거실발코니 단올림 [단위 : EA] | D93: 거실발코니 단올림 [단위 : EA] | E93: 창호 1틀기준 1실, 수평몰탈, 거실 분합창 수평 기준 | F93: - 창호 1틀기준 1실, 수평몰탈, 거실 분합창 수평 기준 | H93: EA | J93: =IFERROR(VLOOKUP(C93,[1]Sheet2!$A:$B,2,0),"") -> 486000 | K93: =T93 -> 186000 | L93: =K93*I93 -> 0 | M93: =U93 -> 300000 | N93: =M93*I93 -> 0 | O93: =L93+N93 -> 0 | R93: 200000 | S93: 250000 | T93: =240000-54000 -> 186000 | U93: 300000
C94: 확장_단차미장 [단위 : EA] | D94: 단차미장 [단위 : EA] | E94: 세탁기단차 70mm 높이 기준 | F94: - 세탁기단차 70mm 높이 기준 | H94: EA | J94: =IFERROR(VLOOKUP(C94,[1]Sheet2!$A:$B,2,0),"") -> 96000 | K94: =T94 -> 0 | L94: =K94*I94 -> 0 | M94: =U94 -> 96000 | N94: =M94*I94 -> 0 | O94: =L94+N94 -> 0 | R94: 0 | S94: 80000 | T94: 0 | U94: 96000
C95: 소 계 | D95: 소 계 | J95: =IFERROR(VLOOKUP(C95,[1]Sheet2!$A:$B,2,0),"") | L95: =SUM(L89:L94) -> 864000 | N95: =SUM(N89:N94) -> 1080000 | O95: =SUM(O89:O94) -> 1944000
B96: 4 | C96: 단열 | D96: 단열 | H96: =IFERROR(VLOOKUP(C96,[1]Sheet2!$A:$B,2,0),"")
C97: 단열_기본단열(표준) [단위 : M] | D97: 기본단열(표준) [단위 : M] | E97: 열반사 단열재 + 아이소핑크 30t + 각재 30t + 석고보드2p | F97: - 열반사 단열재 + 아이소핑크 30t + 각재 30t + 석고보드2p | H97: M | J97: =IFERROR(VLOOKUP(C97,[1]Sheet2!$A:$B,2,0),"") -> 100000 | K97: =T97 -> 40000 | L97: =K97*I97 -> 0 | M97: =U97 -> 60000 | N97: =M97*I97 -> 0 | O97: =L97+N97 -> 0 | R97: 48000 | S97: 50000 | T97: 40000 | U97: 60000
C98: 단열_발코니단열 (표준단열) [단위 : EA] | D98: 발코니단열 (표준단열) [단위 : EA] | E98: 열반사 단열재 + 아이소핑크 30t + 각재 30t + 방수석고2p | F98: - 열반사 단열재 + 아이소핑크 30t + 각재 30t + 방수석고2p | H98: EA | J98: =IFERROR(VLOOKUP(C98,[1]Sheet2!$A:$B,2,0),"") -> 117200 | K98: =T98 -> 57200 | L98: =K98*I98 -> 0 | M98: =U98 -> 60000 | N98: =M98*I98 -> 0 | O98: =L98+N98 -> 0 | R98: 58500 | S98: 50000 | T98: =70200-13000 -> 57200 | U98: 60000
C99: 단열_발코니단열 (보조단열) [단위 : EA] | D99: 발코니단열 (보조단열) [단위 : EA] | E99: 열반사 단열재 + 각재 30t + 방수석고2p | F99: - 열반사 단열재 + 각재 30t + 방수석고2p | H99: EA | J99: =IFERROR(VLOOKUP(C99,[1]Sheet2!$A:$B,2,0),"") -> 101400 | K99: =T99 -> 41400 | L99: =K99*I99 -> 0 | M99: =U99 -> 60000 | N99: =M99*I99 -> 0 | O99: =L99+N99 -> 0 | R99: 34500 | S99: 50000 | T99: 41400 | U99: 60000
C100: 단열_보조단열 1안 [단위 : M] | D100: 보조단열 1안 [단위 : M] | E100: 열반사 단열재 + 각재 30t + 석고보드2p | F100: - 열반사 단열재 + 각재 30t + 석고보드2p | H100: M | J100: =IFERROR(VLOOKUP(C100,[1]Sheet2!$A:$B,2,0),"") -> 94800 | K100: =T100 -> 34800 | L100: =K100*I100 -> 0 | M100: =U100 -> 60000 | N100: =M100*I100 -> 0 | O100: =L100+N100 -> 0 | R100: 29000 | S100: 50000 | T100: 34800 | U100: 60000
C101: 단열_보조단열 2안 [단위 : M] | D101: 보조단열 2안 [단위 : M] | E101: 열반사 단열재 + 아이소핑크 10t + 각재 30t + 석고보드2p | F101: - 열반사 단열재 + 아이소핑크 10t + 각재 30t + 석고보드2p | H101: M | J101: =IFERROR(VLOOKUP(C101,[1]Sheet2!$A:$B,2,0),"") -> 98800 | K101: =T101 -> 38800 | L101: =K101*I101 -> 0 | M101: =U101 -> 60000 | N101: =M101*I101 -> 0 | O101: =L101+N101 -> 0 | R101: 39000 | S101: 50000 | T101: 38800 | U101: 60000
C102: 단열_E보드단열 [단위 : M] | D102: E보드단열 [단위 : M] | E102: E보드 23T 기준 (900x2440) | H102: EA | J102: =IFERROR(VLOOKUP(C102,[1]Sheet2!$A:$B,2,0),"") -> 50000 | K102: 19200 | L102: =K102*I102 -> 0 | M102: 30800 | N102: =M102*I102 -> 0 | O102: =L102+N102 -> 0 | T102: 0 | U102: 0
C103: 소 계 | D103: 소 계 | J103: =IFERROR(VLOOKUP(C103,[1]Sheet2!$A:$B,2,0),"") | L103: =SUM(L97:L102) -> 0 | N103: =SUM(N97:N102) -> 0 | O103: =SUM(O97:O102) -> 0
...

Sheet 추가항목기입
B4: 추가 사항 세부 내용 기입
